system;protocol;sentence_id;tp;fp;fn;n_pred;n_gold;sentence_len_tokens
dptoie;strict;bia_0001_00;1;8;1;9;2;19
dptoie;strict;bia_0001_01;1;9;0;10;1;26
dptoie;strict;bia_0001_02;0;11;2;11;2;33
dptoie;strict;bia_0001_03;0;3;1;3;1;18
dptoie;strict;bia_0001_04;2;19;1;21;3;58
dptoie;strict;bia_0001_05;0;7;1;7;1;28
dptoie;strict;bia_0001_06;1;7;0;8;1;37
dptoie;strict;bia_0001_07;0;8;1;8;1;27
dptoie;strict;bia_0001_08;0;8;2;8;2;27
dptoie;strict;bia_0001_09;1;6;0;7;1;22
dptoie;strict;bia_0001_10;1;8;4;9;5;28
dptoie;strict;bia_0001_11;1;14;1;15;2;39
dptoie;strict;bia_0001_12;0;12;1;12;1;33
dptoie;strict;bia_0001_13;1;19;0;20;1;44
dptoie;strict;bia_0001_14;0;12;1;12;1;26
dptoie;strict;bia_0001_15;2;2;0;4;2;20
dptoie;strict;bia_0001_16;0;10;4;10;4;47
dptoie;strict;bia_0001_17;1;3;2;4;3;24
dptoie;strict;bia_0001_18;1;7;1;8;2;54
dptoie;strict;bia_0001_19;1;14;0;15;1;52
dptoie;strict;bia_0001_20;0;13;2;13;2;48
dptoie;strict;bia_0001_21;0;9;3;9;3;23
dptoie;strict;bia_0001_22;0;13;2;13;2;25
dptoie;strict;bia_0001_23;0;10;3;10;3;46
dptoie;strict;bia_0001_24;1;20;0;21;1;36
dptoie;strict;bia_0001_25;0;15;3;15;3;52
dptoie;strict;bia_0001_26;1;10;0;11;1;45
dptoie;strict;bia_0001_27;0;5;1;5;1;44
dptoie;strict;bia_0001_28;1;5;1;6;2;38
dptoie;strict;bia_0001_29;0;3;1;3;1;24
dptoie;strict;bia_0001_30;0;1;1;1;1;20
dptoie;strict;bia_0001_31;0;3;2;3;2;24
dptoie;strict;bia_0001_32;0;2;1;2;1;18
dptoie;strict;bia_0001_33;0;10;1;10;1;33
dptoie;strict;bia_0001_34;0;3;1;3;1;27
dptoie;strict;bia_0001_35;0;3;1;3;1;21
dptoie;strict;bia_0001_36;0;6;1;6;1;68
dptoie;strict;bia_0001_37;0;1;2;1;2;22
dptoie;strict;bia_0001_38;0;4;2;4;2;27
dptoie;strict;bia_0001_39;0;2;4;2;4;32
dptoie;strict;bia_0001_40;0;7;1;7;1;39
dptoie;strict;bia_0001_41;0;2;1;2;1;17
dptoie;strict;bia_0001_42;0;8;1;8;1;32
dptoie;strict;bia_0001_43;0;12;2;12;2;52
dptoie;strict;bia_0001_44;0;18;1;18;1;47
dptoie;strict;bia_0001_45;0;11;2;11;2;67
dptoie;strict;bia_0001_46;0;6;2;6;2;21
dptoie;strict;bia_0001_47;0;0;2;0;2;30
dptoie;strict;bia_0001_48;0;16;2;16;2;42
dptoie;strict;bia_0001_49;0;34;3;34;3;49
dptoie;strict;bia_0001_50;0;10;1;10;1;18
dptoie;strict;bia_0001_51;0;4;1;4;1;71
dptoie;strict;bia_0001_52;0;13;3;13;3;46
dptoie;strict;bia_0001_53;0;8;1;8;1;20
dptoie;strict;bia_0001_54;0;4;1;4;1;19
dptoie;strict;bia_0001_55;0;6;2;6;2;12
dptoie;strict;bia_0001_56;0;1;1;1;1;37
dptoie;strict;bia_0001_57;0;11;1;11;1;18
dptoie;strict;bia_0001_58;0;4;1;4;1;49
dptoie;strict;bia_0001_59;0;13;1;13;1;22
dptoie;strict;bia_0001_60;0;6;2;6;2;44
dptoie;strict;bia_0001_61;0;19;2;19;2;22
dptoie;strict;bia_0001_62;0;4;1;4;1;26
dptoie;strict;bia_0001_63;0;9;1;9;1;26
dptoie;strict;bia_0001_64;0;10;1;10;1;19
dptoie;strict;bia_0001_65;0;4;3;4;3;42
dptoie;strict;bia_0001_66;0;11;1;11;1;15
dptoie;strict;bia_0001_67;0;5;1;5;1;6
dptoie;strict;bia_0001_68;0;1;1;1;1;9
dptoie;strict;bia_0001_69;0;3;2;3;2;26
dptoie;strict;bia_0001_70;0;11;2;11;2;14
dptoie;strict;bia_0001_71;0;2;2;2;2;32
dptoie;strict;bia_0001_72;0;6;1;6;1;41
dptoie;strict;bia_0001_73;0;10;2;10;2;17
dptoie;strict;bia_0001_74;0;1;1;1;1;13
dptoie;strict;bia_0001_75;0;3;1;3;1;35
dptoie;strict;bia_0001_76;0;10;3;10;3;33
dptoie;strict;bia_0001_77;0;16;1;16;1;31
dptoie;strict;bia_0001_78;0;17;1;17;1;24
dptoie;strict;bia_0001_79;0;2;3;2;3;33
dptoie;strict;bia_0001_80;0;9;1;9;1;20
dptoie;strict;bia_0001_81;0;4;1;4;1;12
dptoie;strict;bia_0001_82;0;0;2;0;2;39
dptoie;strict;bia_0001_83;0;2;1;2;1;20
dptoie;strict;bia_0001_84;0;4;2;4;2;19
dptoie;strict;bia_0001_85;0;4;1;4;1;30
dptoie;strict;bia_0001_86;0;7;2;7;2;18
dptoie;strict;bia_0001_87;0;2;3;2;3;54
dptoie;strict;bia_0001_88;0;13;2;13;2;20
dptoie;strict;bia_0001_89;0;4;2;4;2;44
dptoie;strict;bia_0001_90;0;10;2;10;2;44
dptoie;strict;bia_0001_91;0;16;2;16;2;22
dptoie;strict;bia_0001_92;0;7;1;7;1;18
dptoie;strict;bia_0001_93;0;3;2;3;2;23
dptoie;strict;bia_0001_94;0;0;3;0;3;20
dptoie;strict;bia_0001_95;0;6;2;6;2;15
dptoie;strict;bia_0001_96;0;7;4;7;4;17
dptoie;strict;bia_0001_97;0;4;1;4;1;31
dptoie;strict;bia_0001_98;0;0;1;0;1;15
dptoie;strict;bia_0001_99;0;6;2;6;2;30
dptoie;strict;bia_0001_100;0;3;1;3;1;38
dptoie;strict;bia_0001_101;0;9;1;9;1;35
dptoie;strict;bia_0001_102;0;8;1;8;1;52
dptoie;strict;bia_0001_103;0;4;2;4;2;41
dptoie;strict;bia_0001_104;0;0;2;0;2;48
dptoie;strict;bia_0001_105;0;10;1;10;1;10
dptoie;strict;bia_0001_106;0;10;1;10;1;42
dptoie;strict;bia_0001_107;0;9;1;9;1;20
dptoie;strict;bia_0001_108;0;2;1;2;1;37
dptoie;strict;bia_0001_109;0;10;2;10;2;39
dptoie;strict;bia_0001_110;0;3;1;3;1;66
dptoie;strict;bia_0001_111;0;13;3;13;3;66
dptoie;strict;bia_0001_112;0;14;2;14;2;11
dptoie;strict;bia_0001_113;0;8;3;8;3;44
dptoie;strict;bia_0001_114;0;40;2;40;2;53
dptoie;strict;bia_0001_115;0;2;1;2;1;39
dptoie;strict;bia_0001_116;0;16;2;16;2;25
dptoie;strict;bia_0001_117;0;9;4;9;4;42
dptoie;strict;bia_0001_118;0;10;1;10;1;15
dptoie;strict;bia_0001_119;0;2;9;2;9;61
dptoie;strict;bia_0001_120;0;14;1;14;1;56
dptoie;strict;bia_0001_121;0;0;2;0;2;19
dptoie;strict;bia_0001_122;0;5;1;5;1;53
dptoie;strict;bia_0001_123;0;30;2;30;2;34
dptoie;strict;bia_0001_124;0;0;2;0;2;52
dptoie;strict;bia_0001_125;0;18;4;18;4;39
dptoie;strict;bia_0001_126;0;11;2;11;2;34
dptoie;strict;bia_0001_127;0;9;1;9;1;22
dptoie;strict;bia_0001_128;0;13;1;13;1;43
dptoie;strict;bia_0001_129;0;8;1;8;1;15
dptoie;strict;bia_0001_130;0;5;2;5;2;15
dptoie;strict;bia_0001_131;0;5;1;5;1;24
dptoie;strict;bia_0001_132;0;10;2;10;2;33
dptoie;strict;bia_0001_133;1;1;1;2;2;15
dptoie;strict;bia_0001_134;2;38;2;40;4;56
dptoie;strict;bia_0001_135;0;3;1;3;1;31
dptoie;strict;bia_0001_136;0;5;1;5;1;19
dptoie;strict;bia_0001_137;0;10;2;10;2;30
dptoie;strict;bia_0001_138;0;16;2;16;2;54
dptoie;strict;bia_0001_139;1;3;0;4;1;21
dptoie;strict;bia_0001_140;1;1;0;2;1;15
dptoie;strict;bia_0001_141;0;3;1;3;1;21
dptoie;strict;bia_0001_142;0;0;1;0;1;50
dptoie;strict;bia_0001_143;0;18;1;18;1;53
dptoie;strict;bia_0001_144;0;11;1;11;1;34
dptoie;strict;bia_0001_145;0;9;2;9;2;16
dptoie;strict;bia_0001_146;0;4;3;4;3;48
dptoie;strict;bia_0001_147;0;8;2;8;2;51
dptoie;strict;bia_0001_148;0;21;1;21;1;12
dptoie;strict;bia_0001_149;0;4;3;4;3;35
dptoie;strict;bia_0001_150;0;6;1;6;1;18
dptoie;strict;bia_0001_151;0;5;1;5;1;41
dptoie;strict;bia_0001_152;0;12;1;12;1;36
dptoie;strict;bia_0001_153;0;6;2;6;2;44
dptoie;strict;bia_0001_154;0;19;1;19;1;38
dptoie;strict;bia_0001_155;0;7;1;7;1;22
dptoie;strict;bia_0001_156;0;1;1;1;1;34
dptoie;strict;bia_0001_157;0;5;1;5;1;31
dptoie;strict;bia_0001_158;0;9;3;9;3;26
dptoie;strict;bia_0001_159;0;9;1;9;1;25
dptoie;strict;bia_0001_160;0;5;1;5;1;24
dptoie;strict;bia_0001_161;0;2;2;2;2;11
dptoie;strict;bia_0001_162;0;3;1;3;1;35
dptoie;strict;bia_0001_163;1;0;0;1;1;32
dptoie;strict;bia_0001_164;0;4;3;4;3;23
dptoie;strict;bia_0001_165;0;6;2;6;2;22
dptoie;strict;bia_0001_166;0;3;2;3;2;41
dptoie;strict;bia_0001_167;0;19;1;19;1;71
dptoie;strict;bia_0001_168;0;6;2;6;2;28
dptoie;strict;bia_0001_169;0;8;2;8;2;30
dptoie;strict;bia_0001_170;0;12;1;12;1;66
dptoie;strict;bia_0001_171;1;13;1;14;2;32
dptoie;strict;bia_0001_172;0;3;1;3;1;35
dptoie;strict;bia_0001_173;0;5;1;5;1;21
dptoie;strict;bia_0001_174;1;1;0;2;1;19
dptoie;strict;bia_0001_175;2;5;1;7;3;26
dptoie;strict;bia_0001_176;1;1;0;2;1;23
dptoie;strict;bia_0001_177;0;0;1;0;1;16
dptoie;strict;bia_0001_178;0;9;1;9;1;36
dptoie;strict;bia_0001_179;0;34;2;34;2;44
dptoie;strict;bia_0001_180;1;3;0;4;1;21
dptoie;strict;bia_0001_181;0;2;1;2;1;16
dptoie;strict;bia_0001_182;0;8;1;8;1;49
dptoie;strict;bia_0001_183;0;11;2;11;2;39
dptoie;strict;bia_0001_184;0;3;1;3;1;20
dptoie;strict;bia_0001_185;0;6;1;6;1;10
dptoie;strict;bia_0001_186;0;4;1;4;1;22
dptoie;strict;bia_0001_187;0;3;2;3;2;34
dptoie;strict;bia_0001_188;0;2;1;2;1;35
dptoie;strict;bia_0001_189;1;12;1;13;2;54
dptoie;strict;bia_0001_190;0;10;1;10;1;36
dptoie;strict;bia_0001_191;0;7;1;7;1;17
dptoie;strict;bia_0001_192;1;3;0;4;1;11
dptoie;strict;bia_0001_193;0;7;2;7;2;30
dptoie;strict;bia_0001_194;1;1;1;2;2;10
dptoie;strict;bia_0001_195;1;14;1;15;2;57
dptoie;strict;bia_0001_196;1;3;1;4;2;16
dptoie;strict;bia_0001_197;0;7;1;7;1;32
dptoie;strict;bia_0001_198;1;2;1;3;2;23
dptoie;strict;bia_0001_199;0;2;1;2;1;37
dptoie;strict;bia_0001_200;0;11;1;11;1;33
dptoie;strict;bia_0001_201;0;2;3;2;3;24
dptoie;strict;bia_0001_202;1;12;0;13;1;36
dptoie;strict;bia_0001_203;0;6;1;6;1;14
dptoie;strict;bia_0001_204;1;16;2;17;3;63
dptoie;strict;bia_0001_205;1;1;1;2;2;34
dptoie;strict;bia_0001_206;0;10;2;10;2;36
dptoie;strict;bia_0001_207;1;3;0;4;1;25
dptoie;strict;bia_0001_208;0;7;2;7;2;20
dptoie;strict;bia_0001_209;0;5;1;5;1;20
dptoie;strict;bia_0001_210;1;11;0;12;1;44
dptoie;strict;bia_0001_211;1;3;0;4;1;20
dptoie;strict;bia_0001_212;0;2;1;2;1;25
dptoie;strict;bia_0001_213;1;15;0;16;1;58
dptoie;strict;bia_0001_214;0;20;1;20;1;38
dptoie;strict;bia_0001_215;1;7;0;8;1;19
dptoie;strict;bia_0001_216;1;16;0;17;1;24
dptoie;strict;bia_0001_217;0;21;1;21;1;39
dptoie;strict;bia_0001_218;0;8;1;8;1;30
dptoie;strict;bia_0001_219;0;8;1;8;1;20
dptoie;strict;bia_0001_220;1;4;1;5;2;32
dptoie;strict;bia_0001_221;0;5;2;5;2;18
dptoie;strict;bia_0001_222;0;4;2;4;2;22
dptoie;strict;bia_0001_223;0;6;1;6;1;29
dptoie;strict;bia_0001_224;0;6;1;6;1;25
dptoie;strict;bia_0001_225;0;3;2;3;2;40
dptoie;strict;bia_0001_226;0;10;1;10;1;32
dptoie;strict;bia_0001_227;1;18;1;19;2;50
dptoie;strict;bia_0001_228;0;5;2;5;2;16
dptoie;strict;bia_0001_229;0;9;1;9;1;36
dptoie;strict;bia_0001_230;0;12;2;12;2;31
dptoie;strict;bia_0001_231;0;1;1;1;1;42
dptoie;strict;bia_0001_232;0;8;2;8;2;21
dptoie;strict;bia_0001_233;0;4;1;4;1;13
dptoie;strict;bia_0001_234;1;7;1;8;2;54
dptoie;strict;bia_0001_235;0;5;2;5;2;26
dptoie;strict;bia_0001_236;0;4;1;4;1;25
dptoie;strict;bia_0001_237;1;1;2;2;3;16
dptoie;strict;bia_0001_238;0;7;2;7;2;32
dptoie;strict;bia_0001_239;0;7;1;7;1;17
dptoie;strict;bia_0001_240;0;11;1;11;1;30
dptoie;strict;bia_0001_241;0;5;1;5;1;24
dptoie;strict;bia_0001_242;0;1;1;1;1;34
dptoie;strict;bia_0001_243;0;1;2;1;2;27
dptoie;strict;bia_0001_244;0;6;1;6;1;24
dptoie;strict;bia_0001_245;1;6;0;7;1;26
dptoie;strict;bia_0001_246;0;15;2;15;2;38
dptoie;strict;bia_0001_247;0;13;1;13;1;28
dptoie;strict;bia_0001_248;0;1;1;1;1;29
dptoie;strict;bia_0001_249;3;0;0;3;3;40
dptoie;strict;bia_0001_250;0;11;1;11;1;29
dptoie;strict;bia_0001_251;0;9;1;9;1;28
dptoie;strict;bia_0001_252;1;2;1;3;2;18
dptoie;strict;bia_0001_253;0;27;3;27;3;43
dptoie;strict;bia_0001_254;0;4;2;4;2;35
dptoie;strict;bia_0001_255;0;3;2;3;2;20
dptoie;strict;bia_0001_256;0;4;1;4;1;17
dptoie;strict;bia_0001_257;0;1;1;1;1;10
dptoie;strict;bia_0001_258;0;6;1;6;1;44
dptoie;strict;bia_0001_259;0;5;1;5;1;19
dptoie;strict;bia_0001_260;0;12;2;12;2;29
dptoie;strict;bia_0001_261;0;5;1;5;1;33
dptoie;tolerant;bia_0001_00;2;7;0;9;2;19
dptoie;tolerant;bia_0001_01;1;9;0;10;1;26
dptoie;tolerant;bia_0001_02;1;10;1;11;2;33
dptoie;tolerant;bia_0001_03;0;3;1;3;1;18
dptoie;tolerant;bia_0001_04;2;19;1;21;3;58
dptoie;tolerant;bia_0001_05;0;7;1;7;1;28
dptoie;tolerant;bia_0001_06;1;7;0;8;1;37
dptoie;tolerant;bia_0001_07;0;8;1;8;1;27
dptoie;tolerant;bia_0001_08;0;8;2;8;2;27
dptoie;tolerant;bia_0001_09;1;6;0;7;1;22
dptoie;tolerant;bia_0001_10;3;6;2;9;5;28
dptoie;tolerant;bia_0001_11;2;13;0;15;2;39
dptoie;tolerant;bia_0001_12;0;12;1;12;1;33
dptoie;tolerant;bia_0001_13;1;19;0;20;1;44
dptoie;tolerant;bia_0001_14;0;12;1;12;1;26
dptoie;tolerant;bia_0001_15;2;2;0;4;2;20
dptoie;tolerant;bia_0001_16;0;10;4;10;4;47
dptoie;tolerant;bia_0001_17;2;2;1;4;3;24
dptoie;tolerant;bia_0001_18;1;7;1;8;2;54
dptoie;tolerant;bia_0001_19;1;14;0;15;1;52
dptoie;tolerant;bia_0001_20;1;12;1;13;2;48
dptoie;tolerant;bia_0001_21;1;8;2;9;3;23
dptoie;tolerant;bia_0001_22;0;13;2;13;2;25
dptoie;tolerant;bia_0001_23;1;9;2;10;3;46
dptoie;tolerant;bia_0001_24;1;20;0;21;1;36
dptoie;tolerant;bia_0001_25;2;13;1;15;3;52
dptoie;tolerant;bia_0001_26;1;10;0;11;1;45
dptoie;tolerant;bia_0001_27;0;5;1;5;1;44
dptoie;tolerant;bia_0001_28;2;4;0;6;2;38
dptoie;tolerant;bia_0001_29;0;3;1;3;1;24
dptoie;tolerant;bia_0001_30;0;1;1;1;1;20
dptoie;tolerant;bia_0001_31;1;2;1;3;2;24
dptoie;tolerant;bia_0001_32;0;2;1;2;1;18
dptoie;tolerant;bia_0001_33;0;10;1;10;1;33
dptoie;tolerant;bia_0001_34;0;3;1;3;1;27
dptoie;tolerant;bia_0001_35;1;2;0;3;1;21
dptoie;tolerant;bia_0001_36;0;6;1;6;1;68
dptoie;tolerant;bia_0001_37;0;1;2;1;2;22
dptoie;tolerant;bia_0001_38;1;3;1;4;2;27
dptoie;tolerant;bia_0001_39;0;2;4;2;4;32
dptoie;tolerant;bia_0001_40;0;7;1;7;1;39
dptoie;tolerant;bia_0001_41;0;2;1;2;1;17
dptoie;tolerant;bia_0001_42;0;8;1;8;1;32
dptoie;tolerant;bia_0001_43;0;12;2;12;2;52
dptoie;tolerant;bia_0001_44;0;18;1;18;1;47
dptoie;tolerant;bia_0001_45;1;10;1;11;2;67
dptoie;tolerant;bia_0001_46;0;6;2;6;2;21
dptoie;tolerant;bia_0001_47;0;0;2;0;2;30
dptoie;tolerant;bia_0001_48;0;16;2;16;2;42
dptoie;tolerant;bia_0001_49;0;34;3;34;3;49
dptoie;tolerant;bia_0001_50;0;10;1;10;1;18
dptoie;tolerant;bia_0001_51;0;4;1;4;1;71
dptoie;tolerant;bia_0001_52;0;13;3;13;3;46
dptoie;tolerant;bia_0001_53;0;8;1;8;1;20
dptoie;tolerant;bia_0001_54;0;4;1;4;1;19
dptoie;tolerant;bia_0001_55;0;6;2;6;2;12
dptoie;tolerant;bia_0001_56;0;1;1;1;1;37
dptoie;tolerant;bia_0001_57;0;11;1;11;1;18
dptoie;tolerant;bia_0001_58;0;4;1;4;1;49
dptoie;tolerant;bia_0001_59;0;13;1;13;1;22
dptoie;tolerant;bia_0001_60;0;6;2;6;2;44
dptoie;tolerant;bia_0001_61;0;19;2;19;2;22
dptoie;tolerant;bia_0001_62;0;4;1;4;1;26
dptoie;tolerant;bia_0001_63;0;9;1;9;1;26
dptoie;tolerant;bia_0001_64;0;10;1;10;1;19
dptoie;tolerant;bia_0001_65;0;4;3;4;3;42
dptoie;tolerant;bia_0001_66;0;11;1;11;1;15
dptoie;tolerant;bia_0001_67;0;5;1;5;1;6
dptoie;tolerant;bia_0001_68;0;1;1;1;1;9
dptoie;tolerant;bia_0001_69;0;3;2;3;2;26
dptoie;tolerant;bia_0001_70;0;11;2;11;2;14
dptoie;tolerant;bia_0001_71;0;2;2;2;2;32
dptoie;tolerant;bia_0001_72;0;6;1;6;1;41
dptoie;tolerant;bia_0001_73;0;10;2;10;2;17
dptoie;tolerant;bia_0001_74;0;1;1;1;1;13
dptoie;tolerant;bia_0001_75;0;3;1;3;1;35
dptoie;tolerant;bia_0001_76;0;10;3;10;3;33
dptoie;tolerant;bia_0001_77;0;16;1;16;1;31
dptoie;tolerant;bia_0001_78;0;17;1;17;1;24
dptoie;tolerant;bia_0001_79;0;2;3;2;3;33
dptoie;tolerant;bia_0001_80;0;9;1;9;1;20
dptoie;tolerant;bia_0001_81;0;4;1;4;1;12
dptoie;tolerant;bia_0001_82;0;0;2;0;2;39
dptoie;tolerant;bia_0001_83;0;2;1;2;1;20
dptoie;tolerant;bia_0001_84;0;4;2;4;2;19
dptoie;tolerant;bia_0001_85;0;4;1;4;1;30
dptoie;tolerant;bia_0001_86;0;7;2;7;2;18
dptoie;tolerant;bia_0001_87;0;2;3;2;3;54
dptoie;tolerant;bia_0001_88;0;13;2;13;2;20
dptoie;tolerant;bia_0001_89;0;4;2;4;2;44
dptoie;tolerant;bia_0001_90;0;10;2;10;2;44
dptoie;tolerant;bia_0001_91;0;16;2;16;2;22
dptoie;tolerant;bia_0001_92;0;7;1;7;1;18
dptoie;tolerant;bia_0001_93;0;3;2;3;2;23
dptoie;tolerant;bia_0001_94;0;0;3;0;3;20
dptoie;tolerant;bia_0001_95;0;6;2;6;2;15
dptoie;tolerant;bia_0001_96;0;7;4;7;4;17
dptoie;tolerant;bia_0001_97;0;4;1;4;1;31
dptoie;tolerant;bia_0001_98;0;0;1;0;1;15
dptoie;tolerant;bia_0001_99;0;6;2;6;2;30
dptoie;tolerant;bia_0001_100;0;3;1;3;1;38
dptoie;tolerant;bia_0001_101;0;9;1;9;1;35
dptoie;tolerant;bia_0001_102;0;8;1;8;1;52
dptoie;tolerant;bia_0001_103;0;4;2;4;2;41
dptoie;tolerant;bia_0001_104;0;0;2;0;2;48
dptoie;tolerant;bia_0001_105;0;10;1;10;1;10
dptoie;tolerant;bia_0001_106;0;10;1;10;1;42
dptoie;tolerant;bia_0001_107;0;9;1;9;1;20
dptoie;tolerant;bia_0001_108;0;2;1;2;1;37
dptoie;tolerant;bia_0001_109;0;10;2;10;2;39
dptoie;tolerant;bia_0001_110;0;3;1;3;1;66
dptoie;tolerant;bia_0001_111;0;13;3;13;3;66
dptoie;tolerant;bia_0001_112;0;14;2;14;2;11
dptoie;tolerant;bia_0001_113;0;8;3;8;3;44
dptoie;tolerant;bia_0001_114;0;40;2;40;2;53
dptoie;tolerant;bia_0001_115;0;2;1;2;1;39
dptoie;tolerant;bia_0001_116;0;16;2;16;2;25
dptoie;tolerant;bia_0001_117;0;9;4;9;4;42
dptoie;tolerant;bia_0001_118;0;10;1;10;1;15
dptoie;tolerant;bia_0001_119;0;2;9;2;9;61
dptoie;tolerant;bia_0001_120;0;14;1;14;1;56
dptoie;tolerant;bia_0001_121;0;0;2;0;2;19
dptoie;tolerant;bia_0001_122;0;5;1;5;1;53
dptoie;tolerant;bia_0001_123;0;30;2;30;2;34
dptoie;tolerant;bia_0001_124;0;0;2;0;2;52
dptoie;tolerant;bia_0001_125;0;18;4;18;4;39
dptoie;tolerant;bia_0001_126;0;11;2;11;2;34
dptoie;tolerant;bia_0001_127;0;9;1;9;1;22
dptoie;tolerant;bia_0001_128;0;13;1;13;1;43
dptoie;tolerant;bia_0001_129;0;8;1;8;1;15
dptoie;tolerant;bia_0001_130;0;5;2;5;2;15
dptoie;tolerant;bia_0001_131;1;4;0;5;1;24
dptoie;tolerant;bia_0001_132;0;10;2;10;2;33
dptoie;tolerant;bia_0001_133;1;1;1;2;2;15
dptoie;tolerant;bia_0001_134;3;37;1;40;4;56
dptoie;tolerant;bia_0001_135;0;3;1;3;1;31
dptoie;tolerant;bia_0001_136;1;4;0;5;1;19
dptoie;tolerant;bia_0001_137;0;10;2;10;2;30
dptoie;tolerant;bia_0001_138;1;15;1;16;2;54
dptoie;tolerant;bia_0001_139;1;3;0;4;1;21
dptoie;tolerant;bia_0001_140;1;1;0;2;1;15
dptoie;tolerant;bia_0001_141;0;3;1;3;1;21
dptoie;tolerant;bia_0001_142;0;0;1;0;1;50
dptoie;tolerant;bia_0001_143;0;18;1;18;1;53
dptoie;tolerant;bia_0001_144;0;11;1;11;1;34
dptoie;tolerant;bia_0001_145;0;9;2;9;2;16
dptoie;tolerant;bia_0001_146;0;4;3;4;3;48
dptoie;tolerant;bia_0001_147;0;8;2;8;2;51
dptoie;tolerant;bia_0001_148;0;21;1;21;1;12
dptoie;tolerant;bia_0001_149;0;4;3;4;3;35
dptoie;tolerant;bia_0001_150;0;6;1;6;1;18
dptoie;tolerant;bia_0001_151;0;5;1;5;1;41
dptoie;tolerant;bia_0001_152;0;12;1;12;1;36
dptoie;tolerant;bia_0001_153;0;6;2;6;2;44
dptoie;tolerant;bia_0001_154;0;19;1;19;1;38
dptoie;tolerant;bia_0001_155;0;7;1;7;1;22
dptoie;tolerant;bia_0001_156;0;1;1;1;1;34
dptoie;tolerant;bia_0001_157;0;5;1;5;1;31
dptoie;tolerant;bia_0001_158;0;9;3;9;3;26
dptoie;tolerant;bia_0001_159;0;9;1;9;1;25
dptoie;tolerant;bia_0001_160;0;5;1;5;1;24
dptoie;tolerant;bia_0001_161;0;2;2;2;2;11
dptoie;tolerant;bia_0001_162;0;3;1;3;1;35
dptoie;tolerant;bia_0001_163;1;0;0;1;1;32
dptoie;tolerant;bia_0001_164;1;3;2;4;3;23
dptoie;tolerant;bia_0001_165;1;5;1;6;2;22
dptoie;tolerant;bia_0001_166;0;3;2;3;2;41
dptoie;tolerant;bia_0001_167;0;19;1;19;1;71
dptoie;tolerant;bia_0001_168;1;5;1;6;2;28
dptoie;tolerant;bia_0001_169;0;8;2;8;2;30
dptoie;tolerant;bia_0001_170;0;12;1;12;1;66
dptoie;tolerant;bia_0001_171;1;13;1;14;2;32
dptoie;tolerant;bia_0001_172;0;3;1;3;1;35
dptoie;tolerant;bia_0001_173;1;4;0;5;1;21
dptoie;tolerant;bia_0001_174;1;1;0;2;1;19
dptoie;tolerant;bia_0001_175;2;5;1;7;3;26
dptoie;tolerant;bia_0001_176;1;1;0;2;1;23
dptoie;tolerant;bia_0001_177;0;0;1;0;1;16
dptoie;tolerant;bia_0001_178;0;9;1;9;1;36
dptoie;tolerant;bia_0001_179;0;34;2;34;2;44
dptoie;tolerant;bia_0001_180;1;3;0;4;1;21
dptoie;tolerant;bia_0001_181;0;2;1;2;1;16
dptoie;tolerant;bia_0001_182;0;8;1;8;1;49
dptoie;tolerant;bia_0001_183;0;11;2;11;2;39
dptoie;tolerant;bia_0001_184;0;3;1;3;1;20
dptoie;tolerant;bia_0001_185;0;6;1;6;1;10
dptoie;tolerant;bia_0001_186;0;4;1;4;1;22
dptoie;tolerant;bia_0001_187;0;3;2;3;2;34
dptoie;tolerant;bia_0001_188;0;2;1;2;1;35
dptoie;tolerant;bia_0001_189;1;12;1;13;2;54
dptoie;tolerant;bia_0001_190;0;10;1;10;1;36
dptoie;tolerant;bia_0001_191;0;7;1;7;1;17
dptoie;tolerant;bia_0001_192;1;3;0;4;1;11
dptoie;tolerant;bia_0001_193;0;7;2;7;2;30
dptoie;tolerant;bia_0001_194;1;1;1;2;2;10
dptoie;tolerant;bia_0001_195;1;14;1;15;2;57
dptoie;tolerant;bia_0001_196;1;3;1;4;2;16
dptoie;tolerant;bia_0001_197;1;6;0;7;1;32
dptoie;tolerant;bia_0001_198;1;2;1;3;2;23
dptoie;tolerant;bia_0001_199;0;2;1;2;1;37
dptoie;tolerant;bia_0001_200;0;11;1;11;1;33
dptoie;tolerant;bia_0001_201;0;2;3;2;3;24
dptoie;tolerant;bia_0001_202;1;12;0;13;1;36
dptoie;tolerant;bia_0001_203;0;6;1;6;1;14
dptoie;tolerant;bia_0001_204;1;16;2;17;3;63
dptoie;tolerant;bia_0001_205;1;1;1;2;2;34
dptoie;tolerant;bia_0001_206;0;10;2;10;2;36
dptoie;tolerant;bia_0001_207;1;3;0;4;1;25
dptoie;tolerant;bia_0001_208;1;6;1;7;2;20
dptoie;tolerant;bia_0001_209;0;5;1;5;1;20
dptoie;tolerant;bia_0001_210;1;11;0;12;1;44
dptoie;tolerant;bia_0001_211;1;3;0;4;1;20
dptoie;tolerant;bia_0001_212;0;2;1;2;1;25
dptoie;tolerant;bia_0001_213;1;15;0;16;1;58
dptoie;tolerant;bia_0001_214;0;20;1;20;1;38
dptoie;tolerant;bia_0001_215;1;7;0;8;1;19
dptoie;tolerant;bia_0001_216;1;16;0;17;1;24
dptoie;tolerant;bia_0001_217;0;21;1;21;1;39
dptoie;tolerant;bia_0001_218;1;7;0;8;1;30
dptoie;tolerant;bia_0001_219;0;8;1;8;1;20
dptoie;tolerant;bia_0001_220;1;4;1;5;2;32
dptoie;tolerant;bia_0001_221;0;5;2;5;2;18
dptoie;tolerant;bia_0001_222;0;4;2;4;2;22
dptoie;tolerant;bia_0001_223;0;6;1;6;1;29
dptoie;tolerant;bia_0001_224;0;6;1;6;1;25
dptoie;tolerant;bia_0001_225;0;3;2;3;2;40
dptoie;tolerant;bia_0001_226;0;10;1;10;1;32
dptoie;tolerant;bia_0001_227;1;18;1;19;2;50
dptoie;tolerant;bia_0001_228;0;5;2;5;2;16
dptoie;tolerant;bia_0001_229;0;9;1;9;1;36
dptoie;tolerant;bia_0001_230;1;11;1;12;2;31
dptoie;tolerant;bia_0001_231;0;1;1;1;1;42
dptoie;tolerant;bia_0001_232;0;8;2;8;2;21
dptoie;tolerant;bia_0001_233;1;3;0;4;1;13
dptoie;tolerant;bia_0001_234;1;7;1;8;2;54
dptoie;tolerant;bia_0001_235;1;4;1;5;2;26
dptoie;tolerant;bia_0001_236;1;3;0;4;1;25
dptoie;tolerant;bia_0001_237;1;1;2;2;3;16
dptoie;tolerant;bia_0001_238;0;7;2;7;2;32
dptoie;tolerant;bia_0001_239;0;7;1;7;1;17
dptoie;tolerant;bia_0001_240;1;10;0;11;1;30
dptoie;tolerant;bia_0001_241;1;4;0;5;1;24
dptoie;tolerant;bia_0001_242;0;1;1;1;1;34
dptoie;tolerant;bia_0001_243;0;1;2;1;2;27
dptoie;tolerant;bia_0001_244;0;6;1;6;1;24
dptoie;tolerant;bia_0001_245;1;6;0;7;1;26
dptoie;tolerant;bia_0001_246;2;13;0;15;2;38
dptoie;tolerant;bia_0001_247;1;12;0;13;1;28
dptoie;tolerant;bia_0001_248;0;1;1;1;1;29
dptoie;tolerant;bia_0001_249;3;0;0;3;3;40
dptoie;tolerant;bia_0001_250;0;11;1;11;1;29
dptoie;tolerant;bia_0001_251;1;8;0;9;1;28
dptoie;tolerant;bia_0001_252;1;2;1;3;2;18
dptoie;tolerant;bia_0001_253;0;27;3;27;3;43
dptoie;tolerant;bia_0001_254;1;3;1;4;2;35
dptoie;tolerant;bia_0001_255;0;3;2;3;2;20
dptoie;tolerant;bia_0001_256;0;4;1;4;1;17
dptoie;tolerant;bia_0001_257;1;0;0;1;1;10
dptoie;tolerant;bia_0001_258;0;6;1;6;1;44
dptoie;tolerant;bia_0001_259;0;5;1;5;1;19
dptoie;tolerant;bia_0001_260;0;12;2;12;2;29
dptoie;tolerant;bia_0001_261;0;5;1;5;1;33
dptoie;bia_legacy;bia_0001_00;2;7;0;9;2;19
dptoie;bia_legacy;bia_0001_01;1;9;0;10;1;26
dptoie;bia_legacy;bia_0001_02;2;9;0;11;2;33
dptoie;bia_legacy;bia_0001_03;1;3;0;4;1;18
dptoie;bia_legacy;bia_0001_04;3;32;0;35;3;58
dptoie;bia_legacy;bia_0001_05;1;6;0;7;1;28
dptoie;bia_legacy;bia_0001_06;1;7;0;8;1;37
dptoie;bia_legacy;bia_0001_07;1;7;0;8;1;27
dptoie;bia_legacy;bia_0001_08;2;6;0;8;2;27
dptoie;bia_legacy;bia_0001_09;1;6;0;7;1;22
dptoie;bia_legacy;bia_0001_10;4;5;1;9;5;28
dptoie;bia_legacy;bia_0001_11;2;13;0;15;2;39
dptoie;bia_legacy;bia_0001_12;0;12;1;12;1;33
dptoie;bia_legacy;bia_0001_13;1;42;0;43;1;44
dptoie;bia_legacy;bia_0001_14;1;26;0;27;1;26
dptoie;bia_legacy;bia_0001_15;2;5;0;7;2;20
dptoie;bia_legacy;bia_0001_16;0;10;4;10;4;47
dptoie;bia_legacy;bia_0001_17;3;6;0;9;3;24
dptoie;bia_legacy;bia_0001_18;2;11;0;13;2;54
dptoie;bia_legacy;bia_0001_19;1;29;0;30;1;52
dptoie;bia_legacy;bia_0001_20;2;20;0;22;2;48
dptoie;bia_legacy;bia_0001_21;2;7;1;9;3;23
dptoie;bia_legacy;bia_0001_22;0;16;2;16;2;25
dptoie;bia_legacy;bia_0001_23;1;10;2;11;3;46
dptoie;bia_legacy;bia_0001_24;1;20;0;21;1;36
dptoie;bia_legacy;bia_0001_25;3;25;0;28;3;52
dptoie;bia_legacy;bia_0001_26;1;10;0;11;1;45
dptoie;bia_legacy;bia_0001_27;1;4;0;5;1;44
dptoie;bia_legacy;bia_0001_28;2;6;0;8;2;38
dptoie;bia_legacy;bia_0001_29;0;3;1;3;1;24
dptoie;bia_legacy;bia_0001_30;0;1;1;1;1;20
dptoie;bia_legacy;bia_0001_31;1;2;1;3;2;24
dptoie;bia_legacy;bia_0001_32;1;2;0;3;1;18
dptoie;bia_legacy;bia_0001_33;0;28;1;28;1;33
dptoie;bia_legacy;bia_0001_34;0;3;1;3;1;27
dptoie;bia_legacy;bia_0001_35;1;2;0;3;1;21
dptoie;bia_legacy;bia_0001_36;0;6;1;6;1;68
dptoie;bia_legacy;bia_0001_37;0;1;2;1;2;22
dptoie;bia_legacy;bia_0001_38;2;2;0;4;2;27
dptoie;bia_legacy;bia_0001_39;0;2;4;2;4;32
dptoie;bia_legacy;bia_0001_40;1;6;0;7;1;39
dptoie;bia_legacy;bia_0001_41;1;1;0;2;1;17
dptoie;bia_legacy;bia_0001_42;1;7;0;8;1;32
dptoie;bia_legacy;bia_0001_43;1;11;1;12;2;52
dptoie;bia_legacy;bia_0001_44;0;18;1;18;1;47
dptoie;bia_legacy;bia_0001_45;2;19;0;21;2;67
dptoie;bia_legacy;bia_0001_46;2;4;0;6;2;21
dptoie;bia_legacy;bia_0001_47;0;0;2;0;2;30
dptoie;bia_legacy;bia_0001_48;0;16;2;16;2;42
dptoie;bia_legacy;bia_0001_49;0;34;3;34;3;49
dptoie;bia_legacy;bia_0001_50;0;18;1;18;1;18
dptoie;bia_legacy;bia_0001_51;0;4;1;4;1;71
dptoie;bia_legacy;bia_0001_52;0;13;3;13;3;46
dptoie;bia_legacy;bia_0001_53;0;8;1;8;1;20
dptoie;bia_legacy;bia_0001_54;0;4;1;4;1;19
dptoie;bia_legacy;bia_0001_55;0;6;2;6;2;12
dptoie;bia_legacy;bia_0001_56;0;1;1;1;1;37
dptoie;bia_legacy;bia_0001_57;0;11;1;11;1;18
dptoie;bia_legacy;bia_0001_58;0;4;1;4;1;49
dptoie;bia_legacy;bia_0001_59;0;13;1;13;1;22
dptoie;bia_legacy;bia_0001_60;0;6;2;6;2;44
dptoie;bia_legacy;bia_0001_61;0;19;2;19;2;22
dptoie;bia_legacy;bia_0001_62;0;4;1;4;1;26
dptoie;bia_legacy;bia_0001_63;0;9;1;9;1;26
dptoie;bia_legacy;bia_0001_64;0;10;1;10;1;19
dptoie;bia_legacy;bia_0001_65;0;4;3;4;3;42
dptoie;bia_legacy;bia_0001_66;0;11;1;11;1;15
dptoie;bia_legacy;bia_0001_67;0;5;1;5;1;6
dptoie;bia_legacy;bia_0001_68;0;1;1;1;1;9
dptoie;bia_legacy;bia_0001_69;0;3;2;3;2;26
dptoie;bia_legacy;bia_0001_70;0;11;2;11;2;14
dptoie;bia_legacy;bia_0001_71;0;2;2;2;2;32
dptoie;bia_legacy;bia_0001_72;0;6;1;6;1;41
dptoie;bia_legacy;bia_0001_73;0;15;2;15;2;17
dptoie;bia_legacy;bia_0001_74;0;1;1;1;1;13
dptoie;bia_legacy;bia_0001_75;0;3;1;3;1;35
dptoie;bia_legacy;bia_0001_76;0;10;3;10;3;33
dptoie;bia_legacy;bia_0001_77;0;16;1;16;1;31
dptoie;bia_legacy;bia_0001_78;0;17;1;17;1;24
dptoie;bia_legacy;bia_0001_79;0;2;3;2;3;33
dptoie;bia_legacy;bia_0001_80;0;9;1;9;1;20
dptoie;bia_legacy;bia_0001_81;0;4;1;4;1;12
dptoie;bia_legacy;bia_0001_82;0;0;2;0;2;39
dptoie;bia_legacy;bia_0001_83;0;2;1;2;1;20
dptoie;bia_legacy;bia_0001_84;0;4;2;4;2;19
dptoie;bia_legacy;bia_0001_85;0;4;1;4;1;30
dptoie;bia_legacy;bia_0001_86;0;7;2;7;2;18
dptoie;bia_legacy;bia_0001_87;0;2;3;2;3;54
dptoie;bia_legacy;bia_0001_88;0;13;2;13;2;20
dptoie;bia_legacy;bia_0001_89;0;4;2;4;2;44
dptoie;bia_legacy;bia_0001_90;0;10;2;10;2;44
dptoie;bia_legacy;bia_0001_91;0;16;2;16;2;22
dptoie;bia_legacy;bia_0001_92;0;7;1;7;1;18
dptoie;bia_legacy;bia_0001_93;0;3;2;3;2;23
dptoie;bia_legacy;bia_0001_94;0;0;3;0;3;20
dptoie;bia_legacy;bia_0001_95;0;6;2;6;2;15
dptoie;bia_legacy;bia_0001_96;0;7;4;7;4;17
dptoie;bia_legacy;bia_0001_97;0;4;1;4;1;31
dptoie;bia_legacy;bia_0001_98;0;0;1;0;1;15
dptoie;bia_legacy;bia_0001_99;0;6;2;6;2;30
dptoie;bia_legacy;bia_0001_100;0;3;1;3;1;38
dptoie;bia_legacy;bia_0001_101;0;9;1;9;1;35
dptoie;bia_legacy;bia_0001_102;0;17;1;17;1;52
dptoie;bia_legacy;bia_0001_103;0;7;2;7;2;41
dptoie;bia_legacy;bia_0001_104;0;0;2;0;2;48
dptoie;bia_legacy;bia_0001_105;0;10;1;10;1;10
dptoie;bia_legacy;bia_0001_106;0;10;1;10;1;42
dptoie;bia_legacy;bia_0001_107;0;14;1;14;1;20
dptoie;bia_legacy;bia_0001_108;0;2;1;2;1;37
dptoie;bia_legacy;bia_0001_109;0;24;2;24;2;39
dptoie;bia_legacy;bia_0001_110;0;3;1;3;1;66
dptoie;bia_legacy;bia_0001_111;0;13;3;13;3;66
dptoie;bia_legacy;bia_0001_112;0;14;2;14;2;11
dptoie;bia_legacy;bia_0001_113;0;8;3;8;3;44
dptoie;bia_legacy;bia_0001_114;0;40;2;40;2;53
dptoie;bia_legacy;bia_0001_115;0;2;1;2;1;39
dptoie;bia_legacy;bia_0001_116;0;16;2;16;2;25
dptoie;bia_legacy;bia_0001_117;0;9;4;9;4;42
dptoie;bia_legacy;bia_0001_118;0;10;1;10;1;15
dptoie;bia_legacy;bia_0001_119;0;2;9;2;9;61
dptoie;bia_legacy;bia_0001_120;0;14;1;14;1;56
dptoie;bia_legacy;bia_0001_121;0;0;2;0;2;19
dptoie;bia_legacy;bia_0001_122;0;5;1;5;1;53
dptoie;bia_legacy;bia_0001_123;0;30;2;30;2;34
dptoie;bia_legacy;bia_0001_124;0;0;2;0;2;52
dptoie;bia_legacy;bia_0001_125;0;18;4;18;4;39
dptoie;bia_legacy;bia_0001_126;0;31;2;31;2;34
dptoie;bia_legacy;bia_0001_127;0;10;1;10;1;22
dptoie;bia_legacy;bia_0001_128;0;17;1;17;1;43
dptoie;bia_legacy;bia_0001_129;0;8;1;8;1;15
dptoie;bia_legacy;bia_0001_130;0;9;2;9;2;15
dptoie;bia_legacy;bia_0001_131;1;4;0;5;1;24
dptoie;bia_legacy;bia_0001_132;1;9;1;10;2;33
dptoie;bia_legacy;bia_0001_133;1;1;1;2;2;15
dptoie;bia_legacy;bia_0001_134;4;36;0;40;4;56
dptoie;bia_legacy;bia_0001_135;1;2;0;3;1;31
dptoie;bia_legacy;bia_0001_136;1;4;0;5;1;19
dptoie;bia_legacy;bia_0001_137;2;8;0;10;2;30
dptoie;bia_legacy;bia_0001_138;2;17;0;19;2;54
dptoie;bia_legacy;bia_0001_139;1;3;0;4;1;21
dptoie;bia_legacy;bia_0001_140;1;1;0;2;1;15
dptoie;bia_legacy;bia_0001_141;1;2;0;3;1;21
dptoie;bia_legacy;bia_0001_142;0;0;1;0;1;50
dptoie;bia_legacy;bia_0001_143;0;18;1;18;1;53
dptoie;bia_legacy;bia_0001_144;0;11;1;11;1;34
dptoie;bia_legacy;bia_0001_145;0;10;2;10;2;16
dptoie;bia_legacy;bia_0001_146;0;4;3;4;3;48
dptoie;bia_legacy;bia_0001_147;0;18;2;18;2;51
dptoie;bia_legacy;bia_0001_148;0;21;1;21;1;12
dptoie;bia_legacy;bia_0001_149;0;4;3;4;3;35
dptoie;bia_legacy;bia_0001_150;0;6;1;6;1;18
dptoie;bia_legacy;bia_0001_151;0;5;1;5;1;41
dptoie;bia_legacy;bia_0001_152;0;12;1;12;1;36
dptoie;bia_legacy;bia_0001_153;0;11;2;11;2;44
dptoie;bia_legacy;bia_0001_154;0;19;1;19;1;38
dptoie;bia_legacy;bia_0001_155;0;7;1;7;1;22
dptoie;bia_legacy;bia_0001_156;0;1;1;1;1;34
dptoie;bia_legacy;bia_0001_157;0;8;1;8;1;31
dptoie;bia_legacy;bia_0001_158;0;9;3;9;3;26
dptoie;bia_legacy;bia_0001_159;0;9;1;9;1;25
dptoie;bia_legacy;bia_0001_160;0;5;1;5;1;24
dptoie;bia_legacy;bia_0001_161;0;2;2;2;2;11
dptoie;bia_legacy;bia_0001_162;0;3;1;3;1;35
dptoie;bia_legacy;bia_0001_163;1;0;0;1;1;32
dptoie;bia_legacy;bia_0001_164;3;1;0;4;3;23
dptoie;bia_legacy;bia_0001_165;2;4;0;6;2;22
dptoie;bia_legacy;bia_0001_166;2;2;0;4;2;41
dptoie;bia_legacy;bia_0001_167;1;37;0;38;1;71
dptoie;bia_legacy;bia_0001_168;1;7;1;8;2;28
dptoie;bia_legacy;bia_0001_169;0;8;2;8;2;30
dptoie;bia_legacy;bia_0001_170;0;12;1;12;1;66
dptoie;bia_legacy;bia_0001_171;2;12;0;14;2;32
dptoie;bia_legacy;bia_0001_172;0;3;1;3;1;35
dptoie;bia_legacy;bia_0001_173;1;4;0;5;1;21
dptoie;bia_legacy;bia_0001_174;1;1;0;2;1;19
dptoie;bia_legacy;bia_0001_175;3;6;0;9;3;26
dptoie;bia_legacy;bia_0001_176;1;1;0;2;1;23
dptoie;bia_legacy;bia_0001_177;0;0;1;0;1;16
dptoie;bia_legacy;bia_0001_178;1;8;0;9;1;36
dptoie;bia_legacy;bia_0001_179;1;33;1;34;2;44
dptoie;bia_legacy;bia_0001_180;1;3;0;4;1;21
dptoie;bia_legacy;bia_0001_181;1;1;0;2;1;16
dptoie;bia_legacy;bia_0001_182;1;7;0;8;1;49
dptoie;bia_legacy;bia_0001_183;2;9;0;11;2;39
dptoie;bia_legacy;bia_0001_184;0;3;1;3;1;20
dptoie;bia_legacy;bia_0001_185;0;6;1;6;1;10
dptoie;bia_legacy;bia_0001_186;1;3;0;4;1;22
dptoie;bia_legacy;bia_0001_187;2;1;0;3;2;34
dptoie;bia_legacy;bia_0001_188;1;1;0;2;1;35
dptoie;bia_legacy;bia_0001_189;2;11;0;13;2;54
dptoie;bia_legacy;bia_0001_190;1;9;0;10;1;36
dptoie;bia_legacy;bia_0001_191;0;7;1;7;1;17
dptoie;bia_legacy;bia_0001_192;1;3;0;4;1;11
dptoie;bia_legacy;bia_0001_193;1;6;1;7;2;30
dptoie;bia_legacy;bia_0001_194;2;0;0;2;2;10
dptoie;bia_legacy;bia_0001_195;2;13;0;15;2;57
dptoie;bia_legacy;bia_0001_196;2;2;0;4;2;16
dptoie;bia_legacy;bia_0001_197;1;6;0;7;1;32
dptoie;bia_legacy;bia_0001_198;2;1;0;3;2;23
dptoie;bia_legacy;bia_0001_199;1;1;0;2;1;37
dptoie;bia_legacy;bia_0001_200;0;11;1;11;1;33
dptoie;bia_legacy;bia_0001_201;1;1;2;2;3;24
dptoie;bia_legacy;bia_0001_202;1;12;0;13;1;36
dptoie;bia_legacy;bia_0001_203;0;6;1;6;1;14
dptoie;bia_legacy;bia_0001_204;3;14;0;17;3;63
dptoie;bia_legacy;bia_0001_205;2;0;0;2;2;34
dptoie;bia_legacy;bia_0001_206;0;10;2;10;2;36
dptoie;bia_legacy;bia_0001_207;1;3;0;4;1;25
dptoie;bia_legacy;bia_0001_208;1;6;1;7;2;20
dptoie;bia_legacy;bia_0001_209;0;5;1;5;1;20
dptoie;bia_legacy;bia_0001_210;1;11;0;12;1;44
dptoie;bia_legacy;bia_0001_211;1;3;0;4;1;20
dptoie;bia_legacy;bia_0001_212;0;2;1;2;1;25
dptoie;bia_legacy;bia_0001_213;1;15;0;16;1;58
dptoie;bia_legacy;bia_0001_214;1;19;0;20;1;38
dptoie;bia_legacy;bia_0001_215;1;7;0;8;1;19
dptoie;bia_legacy;bia_0001_216;1;16;0;17;1;24
dptoie;bia_legacy;bia_0001_217;1;20;0;21;1;39
dptoie;bia_legacy;bia_0001_218;1;7;0;8;1;30
dptoie;bia_legacy;bia_0001_219;1;7;0;8;1;20
dptoie;bia_legacy;bia_0001_220;2;3;0;5;2;32
dptoie;bia_legacy;bia_0001_221;2;3;0;5;2;18
dptoie;bia_legacy;bia_0001_222;2;2;0;4;2;22
dptoie;bia_legacy;bia_0001_223;0;6;1;6;1;29
dptoie;bia_legacy;bia_0001_224;0;6;1;6;1;25
dptoie;bia_legacy;bia_0001_225;0;3;2;3;2;40
dptoie;bia_legacy;bia_0001_226;1;9;0;10;1;32
dptoie;bia_legacy;bia_0001_227;2;41;0;43;2;50
dptoie;bia_legacy;bia_0001_228;2;3;0;5;2;16
dptoie;bia_legacy;bia_0001_229;0;9;1;9;1;36
dptoie;bia_legacy;bia_0001_230;0;12;2;12;2;31
dptoie;bia_legacy;bia_0001_231;0;1;1;1;1;42
dptoie;bia_legacy;bia_0001_232;2;6;0;8;2;21
dptoie;bia_legacy;bia_0001_233;0;4;1;4;1;13
dptoie;bia_legacy;bia_0001_234;2;11;0;13;2;54
dptoie;bia_legacy;bia_0001_235;2;5;0;7;2;26
dptoie;bia_legacy;bia_0001_236;1;3;0;4;1;25
dptoie;bia_legacy;bia_0001_237;2;0;1;2;3;16
dptoie;bia_legacy;bia_0001_238;1;6;1;7;2;32
dptoie;bia_legacy;bia_0001_239;1;6;0;7;1;17
dptoie;bia_legacy;bia_0001_240;1;25;0;26;1;30
dptoie;bia_legacy;bia_0001_241;1;4;0;5;1;24
dptoie;bia_legacy;bia_0001_242;0;1;1;1;1;34
dptoie;bia_legacy;bia_0001_243;0;1;2;1;2;27
dptoie;bia_legacy;bia_0001_244;1;5;0;6;1;24
dptoie;bia_legacy;bia_0001_245;1;9;0;10;1;26
dptoie;bia_legacy;bia_0001_246;2;13;0;15;2;38
dptoie;bia_legacy;bia_0001_247;1;12;0;13;1;28
dptoie;bia_legacy;bia_0001_248;1;0;0;1;1;29
dptoie;bia_legacy;bia_0001_249;3;0;0;3;3;40
dptoie;bia_legacy;bia_0001_250;1;10;0;11;1;29
dptoie;bia_legacy;bia_0001_251;1;8;0;9;1;28
dptoie;bia_legacy;bia_0001_252;1;2;1;3;2;18
dptoie;bia_legacy;bia_0001_253;0;27;3;27;3;43
dptoie;bia_legacy;bia_0001_254;2;2;0;4;2;35
dptoie;bia_legacy;bia_0001_255;1;2;1;3;2;20
dptoie;bia_legacy;bia_0001_256;1;3;0;4;1;17
dptoie;bia_legacy;bia_0001_257;1;0;0;1;1;10
dptoie;bia_legacy;bia_0001_258;1;5;0;6;1;44
dptoie;bia_legacy;bia_0001_259;1;4;0;5;1;19
dptoie;bia_legacy;bia_0001_260;2;10;0;12;2;29
dptoie;bia_legacy;bia_0001_261;0;5;1;5;1;33
dptoie;carb_style;bia_0001_00;2;7;0;9;2;19
dptoie;carb_style;bia_0001_01;1;9;0;10;1;26
dptoie;carb_style;bia_0001_02;2;9;0;11;2;33
dptoie;carb_style;bia_0001_03;1;2;0;3;1;18
dptoie;carb_style;bia_0001_04;3;18;0;21;3;58
dptoie;carb_style;bia_0001_05;1;6;0;7;1;28
dptoie;carb_style;bia_0001_06;1;7;0;8;1;37
dptoie;carb_style;bia_0001_07;1;7;0;8;1;27
dptoie;carb_style;bia_0001_08;2;6;0;8;2;27
dptoie;carb_style;bia_0001_09;1;6;0;7;1;22
dptoie;carb_style;bia_0001_10;5;4;0;9;5;28
dptoie;carb_style;bia_0001_11;2;13;0;15;2;39
dptoie;carb_style;bia_0001_12;1;11;0;12;1;33
dptoie;carb_style;bia_0001_13;1;19;0;20;1;44
dptoie;carb_style;bia_0001_14;1;11;0;12;1;26
dptoie;carb_style;bia_0001_15;2;2;0;4;2;20
dptoie;carb_style;bia_0001_16;2;8;2;10;4;47
dptoie;carb_style;bia_0001_17;3;1;0;4;3;24
dptoie;carb_style;bia_0001_18;2;6;0;8;2;54
dptoie;carb_style;bia_0001_19;1;14;0;15;1;52
dptoie;carb_style;bia_0001_20;1;12;1;13;2;48
dptoie;carb_style;bia_0001_21;1;8;2;9;3;23
dptoie;carb_style;bia_0001_22;0;13;2;13;2;25
dptoie;carb_style;bia_0001_23;1;9;2;10;3;46
dptoie;carb_style;bia_0001_24;1;20;0;21;1;36
dptoie;carb_style;bia_0001_25;2;13;1;15;3;52
dptoie;carb_style;bia_0001_26;1;10;0;11;1;45
dptoie;carb_style;bia_0001_27;1;4;0;5;1;44
dptoie;carb_style;bia_0001_28;2;4;0;6;2;38
dptoie;carb_style;bia_0001_29;0;3;1;3;1;24
dptoie;carb_style;bia_0001_30;0;1;1;1;1;20
dptoie;carb_style;bia_0001_31;2;1;0;3;2;24
dptoie;carb_style;bia_0001_32;1;1;0;2;1;18
dptoie;carb_style;bia_0001_33;0;10;1;10;1;33
dptoie;carb_style;bia_0001_34;0;3;1;3;1;27
dptoie;carb_style;bia_0001_35;1;2;0;3;1;21
dptoie;carb_style;bia_0001_36;0;6;1;6;1;68
dptoie;carb_style;bia_0001_37;0;1;2;1;2;22
dptoie;carb_style;bia_0001_38;2;2;0;4;2;27
dptoie;carb_style;bia_0001_39;1;1;3;2;4;32
dptoie;carb_style;bia_0001_40;1;6;0;7;1;39
dptoie;carb_style;bia_0001_41;1;1;0;2;1;17
dptoie;carb_style;bia_0001_42;1;7;0;8;1;32
dptoie;carb_style;bia_0001_43;1;11;1;12;2;52
dptoie;carb_style;bia_0001_44;0;18;1;18;1;47
dptoie;carb_style;bia_0001_45;2;9;0;11;2;67
dptoie;carb_style;bia_0001_46;2;4;0;6;2;21
dptoie;carb_style;bia_0001_47;0;0;2;0;2;30
dptoie;carb_style;bia_0001_48;0;16;2;16;2;42
dptoie;carb_style;bia_0001_49;0;34;3;34;3;49
dptoie;carb_style;bia_0001_50;0;10;1;10;1;18
dptoie;carb_style;bia_0001_51;0;4;1;4;1;71
dptoie;carb_style;bia_0001_52;0;13;3;13;3;46
dptoie;carb_style;bia_0001_53;0;8;1;8;1;20
dptoie;carb_style;bia_0001_54;0;4;1;4;1;19
dptoie;carb_style;bia_0001_55;0;6;2;6;2;12
dptoie;carb_style;bia_0001_56;0;1;1;1;1;37
dptoie;carb_style;bia_0001_57;0;11;1;11;1;18
dptoie;carb_style;bia_0001_58;0;4;1;4;1;49
dptoie;carb_style;bia_0001_59;0;13;1;13;1;22
dptoie;carb_style;bia_0001_60;0;6;2;6;2;44
dptoie;carb_style;bia_0001_61;0;19;2;19;2;22
dptoie;carb_style;bia_0001_62;0;4;1;4;1;26
dptoie;carb_style;bia_0001_63;0;9;1;9;1;26
dptoie;carb_style;bia_0001_64;0;10;1;10;1;19
dptoie;carb_style;bia_0001_65;0;4;3;4;3;42
dptoie;carb_style;bia_0001_66;0;11;1;11;1;15
dptoie;carb_style;bia_0001_67;0;5;1;5;1;6
dptoie;carb_style;bia_0001_68;0;1;1;1;1;9
dptoie;carb_style;bia_0001_69;0;3;2;3;2;26
dptoie;carb_style;bia_0001_70;0;11;2;11;2;14
dptoie;carb_style;bia_0001_71;0;2;2;2;2;32
dptoie;carb_style;bia_0001_72;0;6;1;6;1;41
dptoie;carb_style;bia_0001_73;0;10;2;10;2;17
dptoie;carb_style;bia_0001_74;0;1;1;1;1;13
dptoie;carb_style;bia_0001_75;0;3;1;3;1;35
dptoie;carb_style;bia_0001_76;0;10;3;10;3;33
dptoie;carb_style;bia_0001_77;0;16;1;16;1;31
dptoie;carb_style;bia_0001_78;0;17;1;17;1;24
dptoie;carb_style;bia_0001_79;0;2;3;2;3;33
dptoie;carb_style;bia_0001_80;0;9;1;9;1;20
dptoie;carb_style;bia_0001_81;0;4;1;4;1;12
dptoie;carb_style;bia_0001_82;0;0;2;0;2;39
dptoie;carb_style;bia_0001_83;0;2;1;2;1;20
dptoie;carb_style;bia_0001_84;0;4;2;4;2;19
dptoie;carb_style;bia_0001_85;0;4;1;4;1;30
dptoie;carb_style;bia_0001_86;0;7;2;7;2;18
dptoie;carb_style;bia_0001_87;0;2;3;2;3;54
dptoie;carb_style;bia_0001_88;0;13;2;13;2;20
dptoie;carb_style;bia_0001_89;0;4;2;4;2;44
dptoie;carb_style;bia_0001_90;0;10;2;10;2;44
dptoie;carb_style;bia_0001_91;0;16;2;16;2;22
dptoie;carb_style;bia_0001_92;0;7;1;7;1;18
dptoie;carb_style;bia_0001_93;0;3;2;3;2;23
dptoie;carb_style;bia_0001_94;0;0;3;0;3;20
dptoie;carb_style;bia_0001_95;0;6;2;6;2;15
dptoie;carb_style;bia_0001_96;0;7;4;7;4;17
dptoie;carb_style;bia_0001_97;0;4;1;4;1;31
dptoie;carb_style;bia_0001_98;0;0;1;0;1;15
dptoie;carb_style;bia_0001_99;0;6;2;6;2;30
dptoie;carb_style;bia_0001_100;0;3;1;3;1;38
dptoie;carb_style;bia_0001_101;0;9;1;9;1;35
dptoie;carb_style;bia_0001_102;0;8;1;8;1;52
dptoie;carb_style;bia_0001_103;0;4;2;4;2;41
dptoie;carb_style;bia_0001_104;0;0;2;0;2;48
dptoie;carb_style;bia_0001_105;0;10;1;10;1;10
dptoie;carb_style;bia_0001_106;0;10;1;10;1;42
dptoie;carb_style;bia_0001_107;0;9;1;9;1;20
dptoie;carb_style;bia_0001_108;0;2;1;2;1;37
dptoie;carb_style;bia_0001_109;0;10;2;10;2;39
dptoie;carb_style;bia_0001_110;0;3;1;3;1;66
dptoie;carb_style;bia_0001_111;0;13;3;13;3;66
dptoie;carb_style;bia_0001_112;0;14;2;14;2;11
dptoie;carb_style;bia_0001_113;0;8;3;8;3;44
dptoie;carb_style;bia_0001_114;0;40;2;40;2;53
dptoie;carb_style;bia_0001_115;0;2;1;2;1;39
dptoie;carb_style;bia_0001_116;0;16;2;16;2;25
dptoie;carb_style;bia_0001_117;0;9;4;9;4;42
dptoie;carb_style;bia_0001_118;0;10;1;10;1;15
dptoie;carb_style;bia_0001_119;0;2;9;2;9;61
dptoie;carb_style;bia_0001_120;0;14;1;14;1;56
dptoie;carb_style;bia_0001_121;0;0;2;0;2;19
dptoie;carb_style;bia_0001_122;0;5;1;5;1;53
dptoie;carb_style;bia_0001_123;0;30;2;30;2;34
dptoie;carb_style;bia_0001_124;0;0;2;0;2;52
dptoie;carb_style;bia_0001_125;0;18;4;18;4;39
dptoie;carb_style;bia_0001_126;0;11;2;11;2;34
dptoie;carb_style;bia_0001_127;0;9;1;9;1;22
dptoie;carb_style;bia_0001_128;0;13;1;13;1;43
dptoie;carb_style;bia_0001_129;0;8;1;8;1;15
dptoie;carb_style;bia_0001_130;0;5;2;5;2;15
dptoie;carb_style;bia_0001_131;1;4;0;5;1;24
dptoie;carb_style;bia_0001_132;0;10;2;10;2;33
dptoie;carb_style;bia_0001_133;2;0;0;2;2;15
dptoie;carb_style;bia_0001_134;3;37;1;40;4;56
dptoie;carb_style;bia_0001_135;1;2;0;3;1;31
dptoie;carb_style;bia_0001_136;1;4;0;5;1;19
dptoie;carb_style;bia_0001_137;2;8;0;10;2;30
dptoie;carb_style;bia_0001_138;1;15;1;16;2;54
dptoie;carb_style;bia_0001_139;1;3;0;4;1;21
dptoie;carb_style;bia_0001_140;1;1;0;2;1;15
dptoie;carb_style;bia_0001_141;1;2;0;3;1;21
dptoie;carb_style;bia_0001_142;0;0;1;0;1;50
dptoie;carb_style;bia_0001_143;0;18;1;18;1;53
dptoie;carb_style;bia_0001_144;0;11;1;11;1;34
dptoie;carb_style;bia_0001_145;0;9;2;9;2;16
dptoie;carb_style;bia_0001_146;0;4;3;4;3;48
dptoie;carb_style;bia_0001_147;0;8;2;8;2;51
dptoie;carb_style;bia_0001_148;0;21;1;21;1;12
dptoie;carb_style;bia_0001_149;0;4;3;4;3;35
dptoie;carb_style;bia_0001_150;0;6;1;6;1;18
dptoie;carb_style;bia_0001_151;0;5;1;5;1;41
dptoie;carb_style;bia_0001_152;0;12;1;12;1;36
dptoie;carb_style;bia_0001_153;0;6;2;6;2;44
dptoie;carb_style;bia_0001_154;0;19;1;19;1;38
dptoie;carb_style;bia_0001_155;0;7;1;7;1;22
dptoie;carb_style;bia_0001_156;0;1;1;1;1;34
dptoie;carb_style;bia_0001_157;0;5;1;5;1;31
dptoie;carb_style;bia_0001_158;0;9;3;9;3;26
dptoie;carb_style;bia_0001_159;0;9;1;9;1;25
dptoie;carb_style;bia_0001_160;0;5;1;5;1;24
dptoie;carb_style;bia_0001_161;0;2;2;2;2;11
dptoie;carb_style;bia_0001_162;0;3;1;3;1;35
dptoie;carb_style;bia_0001_163;1;0;0;1;1;32
dptoie;carb_style;bia_0001_164;3;1;0;4;3;23
dptoie;carb_style;bia_0001_165;2;4;0;6;2;22
dptoie;carb_style;bia_0001_166;2;1;0;3;2;41
dptoie;carb_style;bia_0001_167;1;18;0;19;1;71
dptoie;carb_style;bia_0001_168;2;4;0;6;2;28
dptoie;carb_style;bia_0001_169;0;8;2;8;2;30
dptoie;carb_style;bia_0001_170;1;11;0;12;1;66
dptoie;carb_style;bia_0001_171;2;12;0;14;2;32
dptoie;carb_style;bia_0001_172;0;3;1;3;1;35
dptoie;carb_style;bia_0001_173;1;4;0;5;1;21
dptoie;carb_style;bia_0001_174;1;1;0;2;1;19
dptoie;carb_style;bia_0001_175;3;4;0;7;3;26
dptoie;carb_style;bia_0001_176;1;1;0;2;1;23
dptoie;carb_style;bia_0001_177;0;0;1;0;1;16
dptoie;carb_style;bia_0001_178;1;8;0;9;1;36
dptoie;carb_style;bia_0001_179;2;32;0;34;2;44
dptoie;carb_style;bia_0001_180;1;3;0;4;1;21
dptoie;carb_style;bia_0001_181;1;1;0;2;1;16
dptoie;carb_style;bia_0001_182;1;7;0;8;1;49
dptoie;carb_style;bia_0001_183;2;9;0;11;2;39
dptoie;carb_style;bia_0001_184;0;3;1;3;1;20
dptoie;carb_style;bia_0001_185;1;5;0;6;1;10
dptoie;carb_style;bia_0001_186;1;3;0;4;1;22
dptoie;carb_style;bia_0001_187;2;1;0;3;2;34
dptoie;carb_style;bia_0001_188;1;1;0;2;1;35
dptoie;carb_style;bia_0001_189;2;11;0;13;2;54
dptoie;carb_style;bia_0001_190;1;9;0;10;1;36
dptoie;carb_style;bia_0001_191;0;7;1;7;1;17
dptoie;carb_style;bia_0001_192;1;3;0;4;1;11
dptoie;carb_style;bia_0001_193;1;6;1;7;2;30
dptoie;carb_style;bia_0001_194;2;0;0;2;2;10
dptoie;carb_style;bia_0001_195;2;13;0;15;2;57
dptoie;carb_style;bia_0001_196;2;2;0;4;2;16
dptoie;carb_style;bia_0001_197;1;6;0;7;1;32
dptoie;carb_style;bia_0001_198;1;2;1;3;2;23
dptoie;carb_style;bia_0001_199;1;1;0;2;1;37
dptoie;carb_style;bia_0001_200;0;11;1;11;1;33
dptoie;carb_style;bia_0001_201;1;1;2;2;3;24
dptoie;carb_style;bia_0001_202;1;12;0;13;1;36
dptoie;carb_style;bia_0001_203;1;5;0;6;1;14
dptoie;carb_style;bia_0001_204;3;14;0;17;3;63
dptoie;carb_style;bia_0001_205;2;0;0;2;2;34
dptoie;carb_style;bia_0001_206;0;10;2;10;2;36
dptoie;carb_style;bia_0001_207;1;3;0;4;1;25
dptoie;carb_style;bia_0001_208;2;5;0;7;2;20
dptoie;carb_style;bia_0001_209;0;5;1;5;1;20
dptoie;carb_style;bia_0001_210;1;11;0;12;1;44
dptoie;carb_style;bia_0001_211;1;3;0;4;1;20
dptoie;carb_style;bia_0001_212;1;1;0;2;1;25
dptoie;carb_style;bia_0001_213;1;15;0;16;1;58
dptoie;carb_style;bia_0001_214;1;19;0;20;1;38
dptoie;carb_style;bia_0001_215;1;7;0;8;1;19
dptoie;carb_style;bia_0001_216;1;16;0;17;1;24
dptoie;carb_style;bia_0001_217;1;20;0;21;1;39
dptoie;carb_style;bia_0001_218;1;7;0;8;1;30
dptoie;carb_style;bia_0001_219;1;7;0;8;1;20
dptoie;carb_style;bia_0001_220;2;3;0;5;2;32
dptoie;carb_style;bia_0001_221;2;3;0;5;2;18
dptoie;carb_style;bia_0001_222;2;2;0;4;2;22
dptoie;carb_style;bia_0001_223;1;5;0;6;1;29
dptoie;carb_style;bia_0001_224;1;5;0;6;1;25
dptoie;carb_style;bia_0001_225;0;3;2;3;2;40
dptoie;carb_style;bia_0001_226;1;9;0;10;1;32
dptoie;carb_style;bia_0001_227;2;17;0;19;2;50
dptoie;carb_style;bia_0001_228;2;3;0;5;2;16
dptoie;carb_style;bia_0001_229;1;8;0;9;1;36
dptoie;carb_style;bia_0001_230;1;11;1;12;2;31
dptoie;carb_style;bia_0001_231;0;1;1;1;1;42
dptoie;carb_style;bia_0001_232;2;6;0;8;2;21
dptoie;carb_style;bia_0001_233;1;3;0;4;1;13
dptoie;carb_style;bia_0001_234;1;7;1;8;2;54
dptoie;carb_style;bia_0001_235;2;3;0;5;2;26
dptoie;carb_style;bia_0001_236;1;3;0;4;1;25
dptoie;carb_style;bia_0001_237;2;0;1;2;3;16
dptoie;carb_style;bia_0001_238;2;5;0;7;2;32
dptoie;carb_style;bia_0001_239;1;6;0;7;1;17
dptoie;carb_style;bia_0001_240;1;10;0;11;1;30
dptoie;carb_style;bia_0001_241;1;4;0;5;1;24
dptoie;carb_style;bia_0001_242;0;1;1;1;1;34
dptoie;carb_style;bia_0001_243;0;1;2;1;2;27
dptoie;carb_style;bia_0001_244;1;5;0;6;1;24
dptoie;carb_style;bia_0001_245;1;6;0;7;1;26
dptoie;carb_style;bia_0001_246;2;13;0;15;2;38
dptoie;carb_style;bia_0001_247;1;12;0;13;1;28
dptoie;carb_style;bia_0001_248;1;0;0;1;1;29
dptoie;carb_style;bia_0001_249;3;0;0;3;3;40
dptoie;carb_style;bia_0001_250;1;10;0;11;1;29
dptoie;carb_style;bia_0001_251;1;8;0;9;1;28
dptoie;carb_style;bia_0001_252;2;1;0;3;2;18
dptoie;carb_style;bia_0001_253;2;25;1;27;3;43
dptoie;carb_style;bia_0001_254;2;2;0;4;2;35
dptoie;carb_style;bia_0001_255;2;1;0;3;2;20
dptoie;carb_style;bia_0001_256;1;3;0;4;1;17
dptoie;carb_style;bia_0001_257;1;0;0;1;1;10
dptoie;carb_style;bia_0001_258;1;5;0;6;1;44
dptoie;carb_style;bia_0001_259;1;4;0;5;1;19
dptoie;carb_style;bia_0001_260;2;10;0;12;2;29
dptoie;carb_style;bia_0001_261;1;4;0;5;1;33
multi2oie;strict;bia_0001_00;0;2;2;2;2;19
multi2oie;strict;bia_0001_01;0;4;1;4;1;26
multi2oie;strict;bia_0001_02;0;2;2;2;2;33
multi2oie;strict;bia_0001_03;0;3;1;3;1;18
multi2oie;strict;bia_0001_04;0;8;3;8;3;58
multi2oie;strict;bia_0001_05;0;2;1;2;1;28
multi2oie;strict;bia_0001_06;0;2;1;2;1;37
multi2oie;strict;bia_0001_07;0;2;1;2;1;27
multi2oie;strict;bia_0001_08;0;3;2;3;2;27
multi2oie;strict;bia_0001_09;0;1;1;1;1;22
multi2oie;strict;bia_0001_10;0;2;5;2;5;28
multi2oie;strict;bia_0001_11;0;4;2;4;2;39
multi2oie;strict;bia_0001_12;0;2;1;2;1;33
multi2oie;strict;bia_0001_13;0;4;1;4;1;44
multi2oie;strict;bia_0001_14;0;3;1;3;1;26
multi2oie;strict;bia_0001_15;0;3;2;3;2;20
multi2oie;strict;bia_0001_16;0;3;4;3;4;47
multi2oie;strict;bia_0001_17;0;3;3;3;3;24
multi2oie;strict;bia_0001_18;0;3;2;3;2;54
multi2oie;strict;bia_0001_19;0;6;1;6;1;52
multi2oie;strict;bia_0001_20;0;5;2;5;2;48
multi2oie;strict;bia_0001_21;0;2;3;2;3;23
multi2oie;strict;bia_0001_22;0;4;2;4;2;25
multi2oie;strict;bia_0001_23;0;2;3;2;3;46
multi2oie;strict;bia_0001_24;1;2;0;3;1;36
multi2oie;strict;bia_0001_25;0;3;3;3;3;52
multi2oie;strict;bia_0001_26;0;2;1;2;1;45
multi2oie;strict;bia_0001_27;0;1;1;1;1;44
multi2oie;strict;bia_0001_28;0;5;2;5;2;38
multi2oie;strict;bia_0001_29;0;2;1;2;1;24
multi2oie;strict;bia_0001_30;0;2;1;2;1;20
multi2oie;strict;bia_0001_31;0;2;2;2;2;24
multi2oie;strict;bia_0001_32;0;2;1;2;1;18
multi2oie;strict;bia_0001_33;0;3;1;3;1;33
multi2oie;strict;bia_0001_34;0;4;1;4;1;27
multi2oie;strict;bia_0001_35;0;2;1;2;1;21
multi2oie;strict;bia_0001_36;0;2;1;2;1;68
multi2oie;strict;bia_0001_37;0;1;2;1;2;22
multi2oie;strict;bia_0001_38;0;1;2;1;2;27
multi2oie;strict;bia_0001_39;0;4;4;4;4;32
multi2oie;strict;bia_0001_40;0;2;1;2;1;39
multi2oie;strict;bia_0001_41;0;1;1;1;1;17
multi2oie;strict;bia_0001_42;0;1;1;1;1;32
multi2oie;strict;bia_0001_43;0;3;2;3;2;52
multi2oie;strict;bia_0001_44;0;5;1;5;1;47
multi2oie;strict;bia_0001_45;0;4;2;4;2;67
multi2oie;strict;bia_0001_46;0;2;2;2;2;21
multi2oie;strict;bia_0001_47;0;3;2;3;2;30
multi2oie;strict;bia_0001_48;0;4;2;4;2;42
multi2oie;strict;bia_0001_49;0;6;3;6;3;49
multi2oie;strict;bia_0001_50;0;1;1;1;1;18
multi2oie;strict;bia_0001_51;0;2;1;2;1;71
multi2oie;strict;bia_0001_52;0;5;3;5;3;46
multi2oie;strict;bia_0001_53;0;1;1;1;1;20
multi2oie;strict;bia_0001_54;0;2;1;2;1;19
multi2oie;strict;bia_0001_55;0;1;2;1;2;12
multi2oie;strict;bia_0001_56;0;3;1;3;1;37
multi2oie;strict;bia_0001_57;0;2;1;2;1;18
multi2oie;strict;bia_0001_58;0;4;1;4;1;49
multi2oie;strict;bia_0001_59;0;2;1;2;1;22
multi2oie;strict;bia_0001_60;0;3;2;3;2;44
multi2oie;strict;bia_0001_61;0;2;2;2;2;22
multi2oie;strict;bia_0001_62;0;1;1;1;1;26
multi2oie;strict;bia_0001_63;0;3;1;3;1;26
multi2oie;strict;bia_0001_64;0;2;1;2;1;19
multi2oie;strict;bia_0001_65;0;4;3;4;3;42
multi2oie;strict;bia_0001_66;0;2;1;2;1;15
multi2oie;strict;bia_0001_67;1;0;0;1;1;6
multi2oie;strict;bia_0001_68;0;1;1;1;1;9
multi2oie;strict;bia_0001_69;0;1;2;1;2;26
multi2oie;strict;bia_0001_70;0;1;2;1;2;14
multi2oie;strict;bia_0001_71;0;4;2;4;2;32
multi2oie;strict;bia_0001_72;0;4;1;4;1;41
multi2oie;strict;bia_0001_73;0;3;2;3;2;17
multi2oie;strict;bia_0001_74;0;1;1;1;1;13
multi2oie;strict;bia_0001_75;0;4;1;4;1;35
multi2oie;strict;bia_0001_76;0;3;3;3;3;33
multi2oie;strict;bia_0001_77;0;2;1;2;1;31
multi2oie;strict;bia_0001_78;0;3;1;3;1;24
multi2oie;strict;bia_0001_79;0;5;3;5;3;33
multi2oie;strict;bia_0001_80;1;3;0;4;1;20
multi2oie;strict;bia_0001_81;0;2;1;2;1;12
multi2oie;strict;bia_0001_82;0;3;2;3;2;39
multi2oie;strict;bia_0001_83;0;2;1;2;1;20
multi2oie;strict;bia_0001_84;0;2;2;2;2;19
multi2oie;strict;bia_0001_85;0;3;1;3;1;30
multi2oie;strict;bia_0001_86;0;1;2;1;2;18
multi2oie;strict;bia_0001_87;0;4;3;4;3;54
multi2oie;strict;bia_0001_88;0;2;2;2;2;20
multi2oie;strict;bia_0001_89;0;5;2;5;2;44
multi2oie;strict;bia_0001_90;0;3;2;3;2;44
multi2oie;strict;bia_0001_91;0;2;2;2;2;22
multi2oie;strict;bia_0001_92;0;2;1;2;1;18
multi2oie;strict;bia_0001_93;0;3;2;3;2;23
multi2oie;strict;bia_0001_94;0;2;3;2;3;20
multi2oie;strict;bia_0001_95;0;1;2;1;2;15
multi2oie;strict;bia_0001_96;0;2;4;2;4;17
multi2oie;strict;bia_0001_97;0;2;1;2;1;31
multi2oie;strict;bia_0001_98;0;1;1;1;1;15
multi2oie;strict;bia_0001_99;0;2;2;2;2;30
multi2oie;strict;bia_0001_100;0;3;1;3;1;38
multi2oie;strict;bia_0001_101;0;3;1;3;1;35
multi2oie;strict;bia_0001_102;0;3;1;3;1;52
multi2oie;strict;bia_0001_103;0;5;2;5;2;41
multi2oie;strict;bia_0001_104;0;6;2;6;2;48
multi2oie;strict;bia_0001_105;0;1;1;1;1;10
multi2oie;strict;bia_0001_106;0;4;1;4;1;42
multi2oie;strict;bia_0001_107;0;1;1;1;1;20
multi2oie;strict;bia_0001_108;0;4;1;4;1;37
multi2oie;strict;bia_0001_109;0;3;2;3;2;39
multi2oie;strict;bia_0001_110;0;2;1;2;1;66
multi2oie;strict;bia_0001_111;0;3;3;3;3;66
multi2oie;strict;bia_0001_112;0;1;2;1;2;11
multi2oie;strict;bia_0001_113;0;6;3;6;3;44
multi2oie;strict;bia_0001_114;0;2;2;2;2;53
multi2oie;strict;bia_0001_115;0;3;1;3;1;39
multi2oie;strict;bia_0001_116;0;1;2;1;2;25
multi2oie;strict;bia_0001_117;0;2;4;2;4;42
multi2oie;strict;bia_0001_118;0;1;1;1;1;15
multi2oie;strict;bia_0001_119;0;3;9;3;9;61
multi2oie;strict;bia_0001_120;0;2;1;2;1;56
multi2oie;strict;bia_0001_121;0;2;2;2;2;19
multi2oie;strict;bia_0001_122;0;6;1;6;1;53
multi2oie;strict;bia_0001_123;0;2;2;2;2;34
multi2oie;strict;bia_0001_124;0;4;2;4;2;52
multi2oie;strict;bia_0001_125;0;4;4;4;4;39
multi2oie;strict;bia_0001_126;0;3;2;3;2;34
multi2oie;strict;bia_0001_127;0;2;1;2;1;22
multi2oie;strict;bia_0001_128;0;5;1;5;1;43
multi2oie;strict;bia_0001_129;0;1;1;1;1;15
multi2oie;strict;bia_0001_130;0;1;2;1;2;15
multi2oie;strict;bia_0001_131;0;1;1;1;1;24
multi2oie;strict;bia_0001_132;0;3;2;3;2;33
multi2oie;strict;bia_0001_133;0;1;2;1;2;15
multi2oie;strict;bia_0001_134;0;4;4;4;4;56
multi2oie;strict;bia_0001_135;0;4;1;4;1;31
multi2oie;strict;bia_0001_136;0;1;1;1;1;19
multi2oie;strict;bia_0001_137;0;3;2;3;2;30
multi2oie;strict;bia_0001_138;0;3;2;3;2;54
multi2oie;strict;bia_0001_139;0;1;1;1;1;21
multi2oie;strict;bia_0001_140;0;1;1;1;1;15
multi2oie;strict;bia_0001_141;0;1;1;1;1;21
multi2oie;strict;bia_0001_142;0;1;1;1;1;50
multi2oie;strict;bia_0001_143;0;2;1;2;1;53
multi2oie;strict;bia_0001_144;0;3;1;3;1;34
multi2oie;strict;bia_0001_145;0;1;2;1;2;16
multi2oie;strict;bia_0001_146;0;2;3;2;3;48
multi2oie;strict;bia_0001_147;0;3;2;3;2;51
multi2oie;strict;bia_0001_148;0;1;1;1;1;12
multi2oie;strict;bia_0001_149;0;3;3;3;3;35
multi2oie;strict;bia_0001_150;0;2;1;2;1;18
multi2oie;strict;bia_0001_151;0;6;1;6;1;41
multi2oie;strict;bia_0001_152;0;2;1;2;1;36
multi2oie;strict;bia_0001_153;0;2;2;2;2;44
multi2oie;strict;bia_0001_154;0;2;1;2;1;38
multi2oie;strict;bia_0001_155;0;1;1;1;1;22
multi2oie;strict;bia_0001_156;0;3;1;3;1;34
multi2oie;strict;bia_0001_157;0;4;1;4;1;31
multi2oie;strict;bia_0001_158;0;2;3;2;3;26
multi2oie;strict;bia_0001_159;0;1;1;1;1;25
multi2oie;strict;bia_0001_160;0;3;1;3;1;24
multi2oie;strict;bia_0001_161;0;1;2;1;2;11
multi2oie;strict;bia_0001_162;0;3;1;3;1;35
multi2oie;strict;bia_0001_163;0;3;1;3;1;32
multi2oie;strict;bia_0001_164;0;2;3;2;3;23
multi2oie;strict;bia_0001_165;0;2;2;2;2;22
multi2oie;strict;bia_0001_166;0;3;2;3;2;41
multi2oie;strict;bia_0001_167;0;4;1;4;1;71
multi2oie;strict;bia_0001_168;0;3;2;3;2;28
multi2oie;strict;bia_0001_169;0;2;2;2;2;30
multi2oie;strict;bia_0001_170;0;4;1;4;1;66
multi2oie;strict;bia_0001_171;0;3;2;3;2;32
multi2oie;strict;bia_0001_172;0;4;1;4;1;35
multi2oie;strict;bia_0001_173;0;2;1;2;1;21
multi2oie;strict;bia_0001_174;0;2;1;2;1;19
multi2oie;strict;bia_0001_175;0;2;3;2;3;26
multi2oie;strict;bia_0001_176;0;1;1;1;1;23
multi2oie;strict;bia_0001_177;0;1;1;1;1;16
multi2oie;strict;bia_0001_178;0;1;1;1;1;36
multi2oie;strict;bia_0001_179;0;2;2;2;2;44
multi2oie;strict;bia_0001_180;0;3;1;3;1;21
multi2oie;strict;bia_0001_181;0;1;1;1;1;16
multi2oie;strict;bia_0001_182;0;2;1;2;1;49
multi2oie;strict;bia_0001_183;0;3;2;3;2;39
multi2oie;strict;bia_0001_184;0;2;1;2;1;20
multi2oie;strict;bia_0001_185;0;1;1;1;1;10
multi2oie;strict;bia_0001_186;0;1;1;1;1;22
multi2oie;strict;bia_0001_187;0;2;2;2;2;34
multi2oie;strict;bia_0001_188;0;3;1;3;1;35
multi2oie;strict;bia_0001_189;0;5;2;5;2;54
multi2oie;strict;bia_0001_190;0;5;1;5;1;36
multi2oie;strict;bia_0001_191;0;2;1;2;1;17
multi2oie;strict;bia_0001_192;0;1;1;1;1;11
multi2oie;strict;bia_0001_193;0;3;2;3;2;30
multi2oie;strict;bia_0001_194;0;1;2;1;2;10
multi2oie;strict;bia_0001_195;0;2;2;2;2;57
multi2oie;strict;bia_0001_196;0;2;2;2;2;16
multi2oie;strict;bia_0001_197;0;3;1;3;1;32
multi2oie;strict;bia_0001_198;0;1;2;1;2;23
multi2oie;strict;bia_0001_199;0;3;1;3;1;37
multi2oie;strict;bia_0001_200;0;3;1;3;1;33
multi2oie;strict;bia_0001_201;0;2;3;2;3;24
multi2oie;strict;bia_0001_202;0;3;1;3;1;36
multi2oie;strict;bia_0001_203;0;3;1;3;1;14
multi2oie;strict;bia_0001_204;1;1;2;2;3;63
multi2oie;strict;bia_0001_205;0;2;2;2;2;34
multi2oie;strict;bia_0001_206;0;2;2;2;2;36
multi2oie;strict;bia_0001_207;0;1;1;1;1;25
multi2oie;strict;bia_0001_208;0;3;2;3;2;20
multi2oie;strict;bia_0001_209;0;3;1;3;1;20
multi2oie;strict;bia_0001_210;0;4;1;4;1;44
multi2oie;strict;bia_0001_211;0;1;1;1;1;20
multi2oie;strict;bia_0001_212;0;1;1;1;1;25
multi2oie;strict;bia_0001_213;0;4;1;4;1;58
multi2oie;strict;bia_0001_214;0;4;1;4;1;38
multi2oie;strict;bia_0001_215;0;3;1;3;1;19
multi2oie;strict;bia_0001_216;0;2;1;2;1;24
multi2oie;strict;bia_0001_217;0;3;1;3;1;39
multi2oie;strict;bia_0001_218;0;2;1;2;1;30
multi2oie;strict;bia_0001_219;0;3;1;3;1;20
multi2oie;strict;bia_0001_220;1;3;1;4;2;32
multi2oie;strict;bia_0001_221;0;1;2;1;2;18
multi2oie;strict;bia_0001_222;0;3;2;3;2;22
multi2oie;strict;bia_0001_223;0;3;1;3;1;29
multi2oie;strict;bia_0001_224;0;2;1;2;1;25
multi2oie;strict;bia_0001_225;0;3;2;3;2;40
multi2oie;strict;bia_0001_226;0;3;1;3;1;32
multi2oie;strict;bia_0001_227;0;5;2;5;2;50
multi2oie;strict;bia_0001_228;0;1;2;1;2;16
multi2oie;strict;bia_0001_229;0;2;1;2;1;36
multi2oie;strict;bia_0001_230;0;4;2;4;2;31
multi2oie;strict;bia_0001_231;0;3;1;3;1;42
multi2oie;strict;bia_0001_232;0;1;2;1;2;21
multi2oie;strict;bia_0001_233;0;1;1;1;1;13
multi2oie;strict;bia_0001_234;0;4;2;4;2;54
multi2oie;strict;bia_0001_235;0;3;2;3;2;26
multi2oie;strict;bia_0001_236;0;2;1;2;1;25
multi2oie;strict;bia_0001_237;0;1;3;1;3;16
multi2oie;strict;bia_0001_238;0;1;2;1;2;32
multi2oie;strict;bia_0001_239;0;2;1;2;1;17
multi2oie;strict;bia_0001_240;0;3;1;3;1;30
multi2oie;strict;bia_0001_241;0;1;1;1;1;24
multi2oie;strict;bia_0001_242;0;1;1;1;1;34
multi2oie;strict;bia_0001_243;0;4;2;4;2;27
multi2oie;strict;bia_0001_244;0;2;1;2;1;24
multi2oie;strict;bia_0001_245;0;5;1;5;1;26
multi2oie;strict;bia_0001_246;0;4;2;4;2;38
multi2oie;strict;bia_0001_247;0;4;1;4;1;28
multi2oie;strict;bia_0001_248;0;4;1;4;1;29
multi2oie;strict;bia_0001_249;0;3;3;3;3;40
multi2oie;strict;bia_0001_250;0;3;1;3;1;29
multi2oie;strict;bia_0001_251;0;1;1;1;1;28
multi2oie;strict;bia_0001_252;0;2;2;2;2;18
multi2oie;strict;bia_0001_253;0;4;3;4;3;43
multi2oie;strict;bia_0001_254;0;4;2;4;2;35
multi2oie;strict;bia_0001_255;0;4;2;4;2;20
multi2oie;strict;bia_0001_256;0;1;1;1;1;17
multi2oie;strict;bia_0001_257;0;1;1;1;1;10
multi2oie;strict;bia_0001_258;0;3;1;3;1;44
multi2oie;strict;bia_0001_259;0;2;1;2;1;19
multi2oie;strict;bia_0001_260;0;2;2;2;2;29
multi2oie;strict;bia_0001_261;0;1;1;1;1;33
multi2oie;tolerant;bia_0001_00;1;1;1;2;2;19
multi2oie;tolerant;bia_0001_01;0;4;1;4;1;26
multi2oie;tolerant;bia_0001_02;0;2;2;2;2;33
multi2oie;tolerant;bia_0001_03;0;3;1;3;1;18
multi2oie;tolerant;bia_0001_04;0;8;3;8;3;58
multi2oie;tolerant;bia_0001_05;0;2;1;2;1;28
multi2oie;tolerant;bia_0001_06;0;2;1;2;1;37
multi2oie;tolerant;bia_0001_07;0;2;1;2;1;27
multi2oie;tolerant;bia_0001_08;0;3;2;3;2;27
multi2oie;tolerant;bia_0001_09;0;1;1;1;1;22
multi2oie;tolerant;bia_0001_10;1;1;4;2;5;28
multi2oie;tolerant;bia_0001_11;0;4;2;4;2;39
multi2oie;tolerant;bia_0001_12;0;2;1;2;1;33
multi2oie;tolerant;bia_0001_13;1;3;0;4;1;44
multi2oie;tolerant;bia_0001_14;0;3;1;3;1;26
multi2oie;tolerant;bia_0001_15;1;2;1;3;2;20
multi2oie;tolerant;bia_0001_16;0;3;4;3;4;47
multi2oie;tolerant;bia_0001_17;1;2;2;3;3;24
multi2oie;tolerant;bia_0001_18;1;2;1;3;2;54
multi2oie;tolerant;bia_0001_19;0;6;1;6;1;52
multi2oie;tolerant;bia_0001_20;0;5;2;5;2;48
multi2oie;tolerant;bia_0001_21;1;1;2;2;3;23
multi2oie;tolerant;bia_0001_22;0;4;2;4;2;25
multi2oie;tolerant;bia_0001_23;2;0;1;2;3;46
multi2oie;tolerant;bia_0001_24;1;2;0;3;1;36
multi2oie;tolerant;bia_0001_25;2;1;1;3;3;52
multi2oie;tolerant;bia_0001_26;0;2;1;2;1;45
multi2oie;tolerant;bia_0001_27;0;1;1;1;1;44
multi2oie;tolerant;bia_0001_28;1;4;1;5;2;38
multi2oie;tolerant;bia_0001_29;0;2;1;2;1;24
multi2oie;tolerant;bia_0001_30;0;2;1;2;1;20
multi2oie;tolerant;bia_0001_31;1;1;1;2;2;24
multi2oie;tolerant;bia_0001_32;0;2;1;2;1;18
multi2oie;tolerant;bia_0001_33;0;3;1;3;1;33
multi2oie;tolerant;bia_0001_34;0;4;1;4;1;27
multi2oie;tolerant;bia_0001_35;0;2;1;2;1;21
multi2oie;tolerant;bia_0001_36;0;2;1;2;1;68
multi2oie;tolerant;bia_0001_37;0;1;2;1;2;22
multi2oie;tolerant;bia_0001_38;0;1;2;1;2;27
multi2oie;tolerant;bia_0001_39;0;4;4;4;4;32
multi2oie;tolerant;bia_0001_40;0;2;1;2;1;39
multi2oie;tolerant;bia_0001_41;0;1;1;1;1;17
multi2oie;tolerant;bia_0001_42;0;1;1;1;1;32
multi2oie;tolerant;bia_0001_43;2;1;0;3;2;52
multi2oie;tolerant;bia_0001_44;1;4;0;5;1;47
multi2oie;tolerant;bia_0001_45;1;3;1;4;2;67
multi2oie;tolerant;bia_0001_46;0;2;2;2;2;21
multi2oie;tolerant;bia_0001_47;0;3;2;3;2;30
multi2oie;tolerant;bia_0001_48;1;3;1;4;2;42
multi2oie;tolerant;bia_0001_49;1;5;2;6;3;49
multi2oie;tolerant;bia_0001_50;1;0;0;1;1;18
multi2oie;tolerant;bia_0001_51;0;2;1;2;1;71
multi2oie;tolerant;bia_0001_52;0;5;3;5;3;46
multi2oie;tolerant;bia_0001_53;0;1;1;1;1;20
multi2oie;tolerant;bia_0001_54;0;2;1;2;1;19
multi2oie;tolerant;bia_0001_55;1;0;1;1;2;12
multi2oie;tolerant;bia_0001_56;0;3;1;3;1;37
multi2oie;tolerant;bia_0001_57;0;2;1;2;1;18
multi2oie;tolerant;bia_0001_58;1;3;0;4;1;49
multi2oie;tolerant;bia_0001_59;0;2;1;2;1;22
multi2oie;tolerant;bia_0001_60;0;3;2;3;2;44
multi2oie;tolerant;bia_0001_61;0;2;2;2;2;22
multi2oie;tolerant;bia_0001_62;0;1;1;1;1;26
multi2oie;tolerant;bia_0001_63;0;3;1;3;1;26
multi2oie;tolerant;bia_0001_64;1;1;0;2;1;19
multi2oie;tolerant;bia_0001_65;1;3;2;4;3;42
multi2oie;tolerant;bia_0001_66;0;2;1;2;1;15
multi2oie;tolerant;bia_0001_67;1;0;0;1;1;6
multi2oie;tolerant;bia_0001_68;1;0;0;1;1;9
multi2oie;tolerant;bia_0001_69;1;0;1;1;2;26
multi2oie;tolerant;bia_0001_70;1;0;1;1;2;14
multi2oie;tolerant;bia_0001_71;0;4;2;4;2;32
multi2oie;tolerant;bia_0001_72;0;4;1;4;1;41
multi2oie;tolerant;bia_0001_73;0;3;2;3;2;17
multi2oie;tolerant;bia_0001_74;0;1;1;1;1;13
multi2oie;tolerant;bia_0001_75;0;4;1;4;1;35
multi2oie;tolerant;bia_0001_76;2;1;1;3;3;33
multi2oie;tolerant;bia_0001_77;1;1;0;2;1;31
multi2oie;tolerant;bia_0001_78;0;3;1;3;1;24
multi2oie;tolerant;bia_0001_79;0;5;3;5;3;33
multi2oie;tolerant;bia_0001_80;1;3;0;4;1;20
multi2oie;tolerant;bia_0001_81;0;2;1;2;1;12
multi2oie;tolerant;bia_0001_82;0;3;2;3;2;39
multi2oie;tolerant;bia_0001_83;1;1;0;2;1;20
multi2oie;tolerant;bia_0001_84;1;1;1;2;2;19
multi2oie;tolerant;bia_0001_85;0;3;1;3;1;30
multi2oie;tolerant;bia_0001_86;0;1;2;1;2;18
multi2oie;tolerant;bia_0001_87;1;3;2;4;3;54
multi2oie;tolerant;bia_0001_88;0;2;2;2;2;20
multi2oie;tolerant;bia_0001_89;0;5;2;5;2;44
multi2oie;tolerant;bia_0001_90;1;2;1;3;2;44
multi2oie;tolerant;bia_0001_91;1;1;1;2;2;22
multi2oie;tolerant;bia_0001_92;0;2;1;2;1;18
multi2oie;tolerant;bia_0001_93;0;3;2;3;2;23
multi2oie;tolerant;bia_0001_94;0;2;3;2;3;20
multi2oie;tolerant;bia_0001_95;0;1;2;1;2;15
multi2oie;tolerant;bia_0001_96;0;2;4;2;4;17
multi2oie;tolerant;bia_0001_97;0;2;1;2;1;31
multi2oie;tolerant;bia_0001_98;0;1;1;1;1;15
multi2oie;tolerant;bia_0001_99;1;1;1;2;2;30
multi2oie;tolerant;bia_0001_100;0;3;1;3;1;38
multi2oie;tolerant;bia_0001_101;1;2;0;3;1;35
multi2oie;tolerant;bia_0001_102;0;3;1;3;1;52
multi2oie;tolerant;bia_0001_103;0;5;2;5;2;41
multi2oie;tolerant;bia_0001_104;0;6;2;6;2;48
multi2oie;tolerant;bia_0001_105;0;1;1;1;1;10
multi2oie;tolerant;bia_0001_106;0;4;1;4;1;42
multi2oie;tolerant;bia_0001_107;1;0;0;1;1;20
multi2oie;tolerant;bia_0001_108;1;3;0;4;1;37
multi2oie;tolerant;bia_0001_109;0;3;2;3;2;39
multi2oie;tolerant;bia_0001_110;0;2;1;2;1;66
multi2oie;tolerant;bia_0001_111;0;3;3;3;3;66
multi2oie;tolerant;bia_0001_112;1;0;1;1;2;11
multi2oie;tolerant;bia_0001_113;0;6;3;6;3;44
multi2oie;tolerant;bia_0001_114;1;1;1;2;2;53
multi2oie;tolerant;bia_0001_115;1;2;0;3;1;39
multi2oie;tolerant;bia_0001_116;0;1;2;1;2;25
multi2oie;tolerant;bia_0001_117;0;2;4;2;4;42
multi2oie;tolerant;bia_0001_118;0;1;1;1;1;15
multi2oie;tolerant;bia_0001_119;1;2;8;3;9;61
multi2oie;tolerant;bia_0001_120;0;2;1;2;1;56
multi2oie;tolerant;bia_0001_121;1;1;1;2;2;19
multi2oie;tolerant;bia_0001_122;0;6;1;6;1;53
multi2oie;tolerant;bia_0001_123;0;2;2;2;2;34
multi2oie;tolerant;bia_0001_124;1;3;1;4;2;52
multi2oie;tolerant;bia_0001_125;1;3;3;4;4;39
multi2oie;tolerant;bia_0001_126;0;3;2;3;2;34
multi2oie;tolerant;bia_0001_127;0;2;1;2;1;22
multi2oie;tolerant;bia_0001_128;0;5;1;5;1;43
multi2oie;tolerant;bia_0001_129;1;0;0;1;1;15
multi2oie;tolerant;bia_0001_130;1;0;1;1;2;15
multi2oie;tolerant;bia_0001_131;0;1;1;1;1;24
multi2oie;tolerant;bia_0001_132;0;3;2;3;2;33
multi2oie;tolerant;bia_0001_133;0;1;2;1;2;15
multi2oie;tolerant;bia_0001_134;1;3;3;4;4;56
multi2oie;tolerant;bia_0001_135;0;4;1;4;1;31
multi2oie;tolerant;bia_0001_136;0;1;1;1;1;19
multi2oie;tolerant;bia_0001_137;1;2;1;3;2;30
multi2oie;tolerant;bia_0001_138;0;3;2;3;2;54
multi2oie;tolerant;bia_0001_139;0;1;1;1;1;21
multi2oie;tolerant;bia_0001_140;1;0;0;1;1;15
multi2oie;tolerant;bia_0001_141;0;1;1;1;1;21
multi2oie;tolerant;bia_0001_142;0;1;1;1;1;50
multi2oie;tolerant;bia_0001_143;0;2;1;2;1;53
multi2oie;tolerant;bia_0001_144;0;3;1;3;1;34
multi2oie;tolerant;bia_0001_145;1;0;1;1;2;16
multi2oie;tolerant;bia_0001_146;1;1;2;2;3;48
multi2oie;tolerant;bia_0001_147;1;2;1;3;2;51
multi2oie;tolerant;bia_0001_148;0;1;1;1;1;12
multi2oie;tolerant;bia_0001_149;0;3;3;3;3;35
multi2oie;tolerant;bia_0001_150;0;2;1;2;1;18
multi2oie;tolerant;bia_0001_151;1;5;0;6;1;41
multi2oie;tolerant;bia_0001_152;0;2;1;2;1;36
multi2oie;tolerant;bia_0001_153;0;2;2;2;2;44
multi2oie;tolerant;bia_0001_154;0;2;1;2;1;38
multi2oie;tolerant;bia_0001_155;0;1;1;1;1;22
multi2oie;tolerant;bia_0001_156;1;2;0;3;1;34
multi2oie;tolerant;bia_0001_157;0;4;1;4;1;31
multi2oie;tolerant;bia_0001_158;1;1;2;2;3;26
multi2oie;tolerant;bia_0001_159;0;1;1;1;1;25
multi2oie;tolerant;bia_0001_160;1;2;0;3;1;24
multi2oie;tolerant;bia_0001_161;0;1;2;1;2;11
multi2oie;tolerant;bia_0001_162;0;3;1;3;1;35
multi2oie;tolerant;bia_0001_163;0;3;1;3;1;32
multi2oie;tolerant;bia_0001_164;0;2;3;2;3;23
multi2oie;tolerant;bia_0001_165;0;2;2;2;2;22
multi2oie;tolerant;bia_0001_166;0;3;2;3;2;41
multi2oie;tolerant;bia_0001_167;0;4;1;4;1;71
multi2oie;tolerant;bia_0001_168;1;2;1;3;2;28
multi2oie;tolerant;bia_0001_169;0;2;2;2;2;30
multi2oie;tolerant;bia_0001_170;0;4;1;4;1;66
multi2oie;tolerant;bia_0001_171;1;2;1;3;2;32
multi2oie;tolerant;bia_0001_172;0;4;1;4;1;35
multi2oie;tolerant;bia_0001_173;0;2;1;2;1;21
multi2oie;tolerant;bia_0001_174;0;2;1;2;1;19
multi2oie;tolerant;bia_0001_175;0;2;3;2;3;26
multi2oie;tolerant;bia_0001_176;0;1;1;1;1;23
multi2oie;tolerant;bia_0001_177;0;1;1;1;1;16
multi2oie;tolerant;bia_0001_178;0;1;1;1;1;36
multi2oie;tolerant;bia_0001_179;0;2;2;2;2;44
multi2oie;tolerant;bia_0001_180;0;3;1;3;1;21
multi2oie;tolerant;bia_0001_181;0;1;1;1;1;16
multi2oie;tolerant;bia_0001_182;0;2;1;2;1;49
multi2oie;tolerant;bia_0001_183;1;2;1;3;2;39
multi2oie;tolerant;bia_0001_184;0;2;1;2;1;20
multi2oie;tolerant;bia_0001_185;0;1;1;1;1;10
multi2oie;tolerant;bia_0001_186;1;0;0;1;1;22
multi2oie;tolerant;bia_0001_187;0;2;2;2;2;34
multi2oie;tolerant;bia_0001_188;0;3;1;3;1;35
multi2oie;tolerant;bia_0001_189;1;4;1;5;2;54
multi2oie;tolerant;bia_0001_190;0;5;1;5;1;36
multi2oie;tolerant;bia_0001_191;0;2;1;2;1;17
multi2oie;tolerant;bia_0001_192;1;0;0;1;1;11
multi2oie;tolerant;bia_0001_193;0;3;2;3;2;30
multi2oie;tolerant;bia_0001_194;1;0;1;1;2;10
multi2oie;tolerant;bia_0001_195;1;1;1;2;2;57
multi2oie;tolerant;bia_0001_196;0;2;2;2;2;16
multi2oie;tolerant;bia_0001_197;1;2;0;3;1;32
multi2oie;tolerant;bia_0001_198;1;0;1;1;2;23
multi2oie;tolerant;bia_0001_199;0;3;1;3;1;37
multi2oie;tolerant;bia_0001_200;0;3;1;3;1;33
multi2oie;tolerant;bia_0001_201;1;1;2;2;3;24
multi2oie;tolerant;bia_0001_202;0;3;1;3;1;36
multi2oie;tolerant;bia_0001_203;0;3;1;3;1;14
multi2oie;tolerant;bia_0001_204;2;0;1;2;3;63
multi2oie;tolerant;bia_0001_205;1;1;1;2;2;34
multi2oie;tolerant;bia_0001_206;0;2;2;2;2;36
multi2oie;tolerant;bia_0001_207;0;1;1;1;1;25
multi2oie;tolerant;bia_0001_208;0;3;2;3;2;20
multi2oie;tolerant;bia_0001_209;0;3;1;3;1;20
multi2oie;tolerant;bia_0001_210;0;4;1;4;1;44
multi2oie;tolerant;bia_0001_211;0;1;1;1;1;20
multi2oie;tolerant;bia_0001_212;0;1;1;1;1;25
multi2oie;tolerant;bia_0001_213;0;4;1;4;1;58
multi2oie;tolerant;bia_0001_214;0;4;1;4;1;38
multi2oie;tolerant;bia_0001_215;0;3;1;3;1;19
multi2oie;tolerant;bia_0001_216;0;2;1;2;1;24
multi2oie;tolerant;bia_0001_217;1;2;0;3;1;39
multi2oie;tolerant;bia_0001_218;0;2;1;2;1;30
multi2oie;tolerant;bia_0001_219;1;2;0;3;1;20
multi2oie;tolerant;bia_0001_220;1;3;1;4;2;32
multi2oie;tolerant;bia_0001_221;0;1;2;1;2;18
multi2oie;tolerant;bia_0001_222;0;3;2;3;2;22
multi2oie;tolerant;bia_0001_223;0;3;1;3;1;29
multi2oie;tolerant;bia_0001_224;0;2;1;2;1;25
multi2oie;tolerant;bia_0001_225;0;3;2;3;2;40
multi2oie;tolerant;bia_0001_226;0;3;1;3;1;32
multi2oie;tolerant;bia_0001_227;0;5;2;5;2;50
multi2oie;tolerant;bia_0001_228;0;1;2;1;2;16
multi2oie;tolerant;bia_0001_229;0;2;1;2;1;36
multi2oie;tolerant;bia_0001_230;0;4;2;4;2;31
multi2oie;tolerant;bia_0001_231;0;3;1;3;1;42
multi2oie;tolerant;bia_0001_232;0;1;2;1;2;21
multi2oie;tolerant;bia_0001_233;1;0;0;1;1;13
multi2oie;tolerant;bia_0001_234;0;4;2;4;2;54
multi2oie;tolerant;bia_0001_235;0;3;2;3;2;26
multi2oie;tolerant;bia_0001_236;1;1;0;2;1;25
multi2oie;tolerant;bia_0001_237;1;0;2;1;3;16
multi2oie;tolerant;bia_0001_238;0;1;2;1;2;32
multi2oie;tolerant;bia_0001_239;0;2;1;2;1;17
multi2oie;tolerant;bia_0001_240;0;3;1;3;1;30
multi2oie;tolerant;bia_0001_241;0;1;1;1;1;24
multi2oie;tolerant;bia_0001_242;0;1;1;1;1;34
multi2oie;tolerant;bia_0001_243;0;4;2;4;2;27
multi2oie;tolerant;bia_0001_244;0;2;1;2;1;24
multi2oie;tolerant;bia_0001_245;0;5;1;5;1;26
multi2oie;tolerant;bia_0001_246;1;3;1;4;2;38
multi2oie;tolerant;bia_0001_247;0;4;1;4;1;28
multi2oie;tolerant;bia_0001_248;0;4;1;4;1;29
multi2oie;tolerant;bia_0001_249;1;2;2;3;3;40
multi2oie;tolerant;bia_0001_250;0;3;1;3;1;29
multi2oie;tolerant;bia_0001_251;0;1;1;1;1;28
multi2oie;tolerant;bia_0001_252;1;1;1;2;2;18
multi2oie;tolerant;bia_0001_253;0;4;3;4;3;43
multi2oie;tolerant;bia_0001_254;1;3;1;4;2;35
multi2oie;tolerant;bia_0001_255;0;4;2;4;2;20
multi2oie;tolerant;bia_0001_256;0;1;1;1;1;17
multi2oie;tolerant;bia_0001_257;0;1;1;1;1;10
multi2oie;tolerant;bia_0001_258;0;3;1;3;1;44
multi2oie;tolerant;bia_0001_259;0;2;1;2;1;19
multi2oie;tolerant;bia_0001_260;0;2;2;2;2;29
multi2oie;tolerant;bia_0001_261;0;1;1;1;1;33
multi2oie;bia_legacy;bia_0001_00;1;1;1;2;2;19
multi2oie;bia_legacy;bia_0001_01;0;4;1;4;1;26
multi2oie;bia_legacy;bia_0001_02;1;1;1;2;2;33
multi2oie;bia_legacy;bia_0001_03;1;2;0;3;1;18
multi2oie;bia_legacy;bia_0001_04;0;8;3;8;3;58
multi2oie;bia_legacy;bia_0001_05;1;1;0;2;1;28
multi2oie;bia_legacy;bia_0001_06;1;1;0;2;1;37
multi2oie;bia_legacy;bia_0001_07;1;1;0;2;1;27
multi2oie;bia_legacy;bia_0001_08;1;2;1;3;2;27
multi2oie;bia_legacy;bia_0001_09;1;0;0;1;1;22
multi2oie;bia_legacy;bia_0001_10;2;0;3;2;5;28
multi2oie;bia_legacy;bia_0001_11;1;3;1;4;2;39
multi2oie;bia_legacy;bia_0001_12;0;2;1;2;1;33
multi2oie;bia_legacy;bia_0001_13;1;3;0;4;1;44
multi2oie;bia_legacy;bia_0001_14;1;2;0;3;1;26
multi2oie;bia_legacy;bia_0001_15;1;2;1;3;2;20
multi2oie;bia_legacy;bia_0001_16;0;3;4;3;4;47
multi2oie;bia_legacy;bia_0001_17;1;2;2;3;3;24
multi2oie;bia_legacy;bia_0001_18;1;2;1;3;2;54
multi2oie;bia_legacy;bia_0001_19;0;6;1;6;1;52
multi2oie;bia_legacy;bia_0001_20;1;4;1;5;2;48
multi2oie;bia_legacy;bia_0001_21;1;1;2;2;3;23
multi2oie;bia_legacy;bia_0001_22;1;3;1;4;2;25
multi2oie;bia_legacy;bia_0001_23;1;1;2;2;3;46
multi2oie;bia_legacy;bia_0001_24;1;2;0;3;1;36
multi2oie;bia_legacy;bia_0001_25;2;1;1;3;3;52
multi2oie;bia_legacy;bia_0001_26;1;1;0;2;1;45
multi2oie;bia_legacy;bia_0001_27;0;1;1;1;1;44
multi2oie;bia_legacy;bia_0001_28;1;4;1;5;2;38
multi2oie;bia_legacy;bia_0001_29;0;2;1;2;1;24
multi2oie;bia_legacy;bia_0001_30;0;2;1;2;1;20
multi2oie;bia_legacy;bia_0001_31;1;1;1;2;2;24
multi2oie;bia_legacy;bia_0001_32;0;2;1;2;1;18
multi2oie;bia_legacy;bia_0001_33;0;3;1;3;1;33
multi2oie;bia_legacy;bia_0001_34;0;4;1;4;1;27
multi2oie;bia_legacy;bia_0001_35;1;1;0;2;1;21
multi2oie;bia_legacy;bia_0001_36;1;1;0;2;1;68
multi2oie;bia_legacy;bia_0001_37;0;1;2;1;2;22
multi2oie;bia_legacy;bia_0001_38;0;1;2;1;2;27
multi2oie;bia_legacy;bia_0001_39;1;3;3;4;4;32
multi2oie;bia_legacy;bia_0001_40;0;2;1;2;1;39
multi2oie;bia_legacy;bia_0001_41;1;0;0;1;1;17
multi2oie;bia_legacy;bia_0001_42;1;0;0;1;1;32
multi2oie;bia_legacy;bia_0001_43;2;1;0;3;2;52
multi2oie;bia_legacy;bia_0001_44;0;5;1;5;1;47
multi2oie;bia_legacy;bia_0001_45;1;3;1;4;2;67
multi2oie;bia_legacy;bia_0001_46;0;2;2;2;2;21
multi2oie;bia_legacy;bia_0001_47;1;2;1;3;2;30
multi2oie;bia_legacy;bia_0001_48;1;3;1;4;2;42
multi2oie;bia_legacy;bia_0001_49;2;4;1;6;3;49
multi2oie;bia_legacy;bia_0001_50;0;1;1;1;1;18
multi2oie;bia_legacy;bia_0001_51;1;1;0;2;1;71
multi2oie;bia_legacy;bia_0001_52;0;5;3;5;3;46
multi2oie;bia_legacy;bia_0001_53;1;0;0;1;1;20
multi2oie;bia_legacy;bia_0001_54;1;1;0;2;1;19
multi2oie;bia_legacy;bia_0001_55;1;0;1;1;2;12
multi2oie;bia_legacy;bia_0001_56;0;3;1;3;1;37
multi2oie;bia_legacy;bia_0001_57;1;1;0;2;1;18
multi2oie;bia_legacy;bia_0001_58;1;3;0;4;1;49
multi2oie;bia_legacy;bia_0001_59;0;2;1;2;1;22
multi2oie;bia_legacy;bia_0001_60;1;2;1;3;2;44
multi2oie;bia_legacy;bia_0001_61;1;1;1;2;2;22
multi2oie;bia_legacy;bia_0001_62;0;1;1;1;1;26
multi2oie;bia_legacy;bia_0001_63;1;2;0;3;1;26
multi2oie;bia_legacy;bia_0001_64;0;2;1;2;1;19
multi2oie;bia_legacy;bia_0001_65;1;3;2;4;3;42
multi2oie;bia_legacy;bia_0001_66;1;1;0;2;1;15
multi2oie;bia_legacy;bia_0001_67;1;0;0;1;1;6
multi2oie;bia_legacy;bia_0001_68;1;0;0;1;1;9
multi2oie;bia_legacy;bia_0001_69;1;0;1;1;2;26
multi2oie;bia_legacy;bia_0001_70;1;0;1;1;2;14
multi2oie;bia_legacy;bia_0001_71;1;3;1;4;2;32
multi2oie;bia_legacy;bia_0001_72;1;3;0;4;1;41
multi2oie;bia_legacy;bia_0001_73;1;2;1;3;2;17
multi2oie;bia_legacy;bia_0001_74;1;0;0;1;1;13
multi2oie;bia_legacy;bia_0001_75;1;3;0;4;1;35
multi2oie;bia_legacy;bia_0001_76;2;1;1;3;3;33
multi2oie;bia_legacy;bia_0001_77;1;1;0;2;1;31
multi2oie;bia_legacy;bia_0001_78;0;3;1;3;1;24
multi2oie;bia_legacy;bia_0001_79;2;3;1;5;3;33
multi2oie;bia_legacy;bia_0001_80;1;3;0;4;1;20
multi2oie;bia_legacy;bia_0001_81;0;2;1;2;1;12
multi2oie;bia_legacy;bia_0001_82;1;2;1;3;2;39
multi2oie;bia_legacy;bia_0001_83;1;1;0;2;1;20
multi2oie;bia_legacy;bia_0001_84;1;1;1;2;2;19
multi2oie;bia_legacy;bia_0001_85;0;3;1;3;1;30
multi2oie;bia_legacy;bia_0001_86;0;1;2;1;2;18
multi2oie;bia_legacy;bia_0001_87;1;3;2;4;3;54
multi2oie;bia_legacy;bia_0001_88;0;2;2;2;2;20
multi2oie;bia_legacy;bia_0001_89;2;3;0;5;2;44
multi2oie;bia_legacy;bia_0001_90;2;1;0;3;2;44
multi2oie;bia_legacy;bia_0001_91;1;1;1;2;2;22
multi2oie;bia_legacy;bia_0001_92;1;1;0;2;1;18
multi2oie;bia_legacy;bia_0001_93;1;2;1;3;2;23
multi2oie;bia_legacy;bia_0001_94;0;2;3;2;3;20
multi2oie;bia_legacy;bia_0001_95;0;1;2;1;2;15
multi2oie;bia_legacy;bia_0001_96;1;1;3;2;4;17
multi2oie;bia_legacy;bia_0001_97;0;2;1;2;1;31
multi2oie;bia_legacy;bia_0001_98;0;1;1;1;1;15
multi2oie;bia_legacy;bia_0001_99;1;1;1;2;2;30
multi2oie;bia_legacy;bia_0001_100;1;2;0;3;1;38
multi2oie;bia_legacy;bia_0001_101;0;3;1;3;1;35
multi2oie;bia_legacy;bia_0001_102;0;3;1;3;1;52
multi2oie;bia_legacy;bia_0001_103;1;4;1;5;2;41
multi2oie;bia_legacy;bia_0001_104;2;4;0;6;2;48
multi2oie;bia_legacy;bia_0001_105;0;1;1;1;1;10
multi2oie;bia_legacy;bia_0001_106;0;4;1;4;1;42
multi2oie;bia_legacy;bia_0001_107;1;0;0;1;1;20
multi2oie;bia_legacy;bia_0001_108;1;3;0;4;1;37
multi2oie;bia_legacy;bia_0001_109;1;2;1;3;2;39
multi2oie;bia_legacy;bia_0001_110;1;1;0;2;1;66
multi2oie;bia_legacy;bia_0001_111;0;3;3;3;3;66
multi2oie;bia_legacy;bia_0001_112;1;0;1;1;2;11
multi2oie;bia_legacy;bia_0001_113;0;6;3;6;3;44
multi2oie;bia_legacy;bia_0001_114;1;1;1;2;2;53
multi2oie;bia_legacy;bia_0001_115;1;2;0;3;1;39
multi2oie;bia_legacy;bia_0001_116;0;1;2;1;2;25
multi2oie;bia_legacy;bia_0001_117;0;2;4;2;4;42
multi2oie;bia_legacy;bia_0001_118;1;0;0;1;1;15
multi2oie;bia_legacy;bia_0001_119;1;2;8;3;9;61
multi2oie;bia_legacy;bia_0001_120;1;1;0;2;1;56
multi2oie;bia_legacy;bia_0001_121;0;2;2;2;2;19
multi2oie;bia_legacy;bia_0001_122;0;6;1;6;1;53
multi2oie;bia_legacy;bia_0001_123;1;1;1;2;2;34
multi2oie;bia_legacy;bia_0001_124;1;3;1;4;2;52
multi2oie;bia_legacy;bia_0001_125;1;3;3;4;4;39
multi2oie;bia_legacy;bia_0001_126;1;2;1;3;2;34
multi2oie;bia_legacy;bia_0001_127;1;1;0;2;1;22
multi2oie;bia_legacy;bia_0001_128;1;4;0;5;1;43
multi2oie;bia_legacy;bia_0001_129;1;0;0;1;1;15
multi2oie;bia_legacy;bia_0001_130;1;0;1;1;2;15
multi2oie;bia_legacy;bia_0001_131;1;0;0;1;1;24
multi2oie;bia_legacy;bia_0001_132;1;2;1;3;2;33
multi2oie;bia_legacy;bia_0001_133;0;1;2;1;2;15
multi2oie;bia_legacy;bia_0001_134;1;3;3;4;4;56
multi2oie;bia_legacy;bia_0001_135;1;3;0;4;1;31
multi2oie;bia_legacy;bia_0001_136;1;0;0;1;1;19
multi2oie;bia_legacy;bia_0001_137;1;2;1;3;2;30
multi2oie;bia_legacy;bia_0001_138;0;3;2;3;2;54
multi2oie;bia_legacy;bia_0001_139;1;0;0;1;1;21
multi2oie;bia_legacy;bia_0001_140;1;0;0;1;1;15
multi2oie;bia_legacy;bia_0001_141;0;1;1;1;1;21
multi2oie;bia_legacy;bia_0001_142;1;0;0;1;1;50
multi2oie;bia_legacy;bia_0001_143;1;1;0;2;1;53
multi2oie;bia_legacy;bia_0001_144;0;3;1;3;1;34
multi2oie;bia_legacy;bia_0001_145;1;0;1;1;2;16
multi2oie;bia_legacy;bia_0001_146;2;0;1;2;3;48
multi2oie;bia_legacy;bia_0001_147;1;2;1;3;2;51
multi2oie;bia_legacy;bia_0001_148;1;0;0;1;1;12
multi2oie;bia_legacy;bia_0001_149;1;2;2;3;3;35
multi2oie;bia_legacy;bia_0001_150;0;2;1;2;1;18
multi2oie;bia_legacy;bia_0001_151;1;5;0;6;1;41
multi2oie;bia_legacy;bia_0001_152;1;1;0;2;1;36
multi2oie;bia_legacy;bia_0001_153;0;2;2;2;2;44
multi2oie;bia_legacy;bia_0001_154;1;1;0;2;1;38
multi2oie;bia_legacy;bia_0001_155;0;1;1;1;1;22
multi2oie;bia_legacy;bia_0001_156;0;3;1;3;1;34
multi2oie;bia_legacy;bia_0001_157;1;3;0;4;1;31
multi2oie;bia_legacy;bia_0001_158;1;1;2;2;3;26
multi2oie;bia_legacy;bia_0001_159;1;0;0;1;1;25
multi2oie;bia_legacy;bia_0001_160;1;2;0;3;1;24
multi2oie;bia_legacy;bia_0001_161;1;0;1;1;2;11
multi2oie;bia_legacy;bia_0001_162;0;3;1;3;1;35
multi2oie;bia_legacy;bia_0001_163;0;3;1;3;1;32
multi2oie;bia_legacy;bia_0001_164;0;2;3;2;3;23
multi2oie;bia_legacy;bia_0001_165;1;1;1;2;2;22
multi2oie;bia_legacy;bia_0001_166;0;3;2;3;2;41
multi2oie;bia_legacy;bia_0001_167;1;3;0;4;1;71
multi2oie;bia_legacy;bia_0001_168;1;2;1;3;2;28
multi2oie;bia_legacy;bia_0001_169;0;2;2;2;2;30
multi2oie;bia_legacy;bia_0001_170;0;4;1;4;1;66
multi2oie;bia_legacy;bia_0001_171;1;2;1;3;2;32
multi2oie;bia_legacy;bia_0001_172;0;4;1;4;1;35
multi2oie;bia_legacy;bia_0001_173;1;1;0;2;1;21
multi2oie;bia_legacy;bia_0001_174;0;2;1;2;1;19
multi2oie;bia_legacy;bia_0001_175;1;1;2;2;3;26
multi2oie;bia_legacy;bia_0001_176;1;0;0;1;1;23
multi2oie;bia_legacy;bia_0001_177;0;1;1;1;1;16
multi2oie;bia_legacy;bia_0001_178;0;1;1;1;1;36
multi2oie;bia_legacy;bia_0001_179;1;1;1;2;2;44
multi2oie;bia_legacy;bia_0001_180;1;2;0;3;1;21
multi2oie;bia_legacy;bia_0001_181;1;0;0;1;1;16
multi2oie;bia_legacy;bia_0001_182;0;2;1;2;1;49
multi2oie;bia_legacy;bia_0001_183;2;1;0;3;2;39
multi2oie;bia_legacy;bia_0001_184;1;1;0;2;1;20
multi2oie;bia_legacy;bia_0001_185;1;0;0;1;1;10
multi2oie;bia_legacy;bia_0001_186;1;0;0;1;1;22
multi2oie;bia_legacy;bia_0001_187;1;1;1;2;2;34
multi2oie;bia_legacy;bia_0001_188;1;2;0;3;1;35
multi2oie;bia_legacy;bia_0001_189;1;4;1;5;2;54
multi2oie;bia_legacy;bia_0001_190;0;5;1;5;1;36
multi2oie;bia_legacy;bia_0001_191;0;2;1;2;1;17
multi2oie;bia_legacy;bia_0001_192;0;1;1;1;1;11
multi2oie;bia_legacy;bia_0001_193;1;2;1;3;2;30
multi2oie;bia_legacy;bia_0001_194;1;0;1;1;2;10
multi2oie;bia_legacy;bia_0001_195;1;1;1;2;2;57
multi2oie;bia_legacy;bia_0001_196;0;2;2;2;2;16
multi2oie;bia_legacy;bia_0001_197;0;3;1;3;1;32
multi2oie;bia_legacy;bia_0001_198;0;1;2;1;2;23
multi2oie;bia_legacy;bia_0001_199;0;3;1;3;1;37
multi2oie;bia_legacy;bia_0001_200;1;2;0;3;1;33
multi2oie;bia_legacy;bia_0001_201;2;0;1;2;3;24
multi2oie;bia_legacy;bia_0001_202;0;3;1;3;1;36
multi2oie;bia_legacy;bia_0001_203;1;2;0;3;1;14
multi2oie;bia_legacy;bia_0001_204;2;0;1;2;3;63
multi2oie;bia_legacy;bia_0001_205;1;1;1;2;2;34
multi2oie;bia_legacy;bia_0001_206;1;1;1;2;2;36
multi2oie;bia_legacy;bia_0001_207;1;0;0;1;1;25
multi2oie;bia_legacy;bia_0001_208;0;3;2;3;2;20
multi2oie;bia_legacy;bia_0001_209;0;3;1;3;1;20
multi2oie;bia_legacy;bia_0001_210;1;3;0;4;1;44
multi2oie;bia_legacy;bia_0001_211;1;0;0;1;1;20
multi2oie;bia_legacy;bia_0001_212;0;1;1;1;1;25
multi2oie;bia_legacy;bia_0001_213;1;3;0;4;1;58
multi2oie;bia_legacy;bia_0001_214;0;4;1;4;1;38
multi2oie;bia_legacy;bia_0001_215;1;2;0;3;1;19
multi2oie;bia_legacy;bia_0001_216;1;1;0;2;1;24
multi2oie;bia_legacy;bia_0001_217;0;3;1;3;1;39
multi2oie;bia_legacy;bia_0001_218;1;1;0;2;1;30
multi2oie;bia_legacy;bia_0001_219;1;2;0;3;1;20
multi2oie;bia_legacy;bia_0001_220;1;3;1;4;2;32
multi2oie;bia_legacy;bia_0001_221;1;0;1;1;2;18
multi2oie;bia_legacy;bia_0001_222;1;2;1;3;2;22
multi2oie;bia_legacy;bia_0001_223;1;2;0;3;1;29
multi2oie;bia_legacy;bia_0001_224;0;2;1;2;1;25
multi2oie;bia_legacy;bia_0001_225;1;2;1;3;2;40
multi2oie;bia_legacy;bia_0001_226;0;3;1;3;1;32
multi2oie;bia_legacy;bia_0001_227;0;5;2;5;2;50
multi2oie;bia_legacy;bia_0001_228;1;0;1;1;2;16
multi2oie;bia_legacy;bia_0001_229;0;2;1;2;1;36
multi2oie;bia_legacy;bia_0001_230;2;2;0;4;2;31
multi2oie;bia_legacy;bia_0001_231;1;2;0;3;1;42
multi2oie;bia_legacy;bia_0001_232;1;0;1;1;2;21
multi2oie;bia_legacy;bia_0001_233;1;0;0;1;1;13
multi2oie;bia_legacy;bia_0001_234;1;3;1;4;2;54
multi2oie;bia_legacy;bia_0001_235;1;2;1;3;2;26
multi2oie;bia_legacy;bia_0001_236;1;1;0;2;1;25
multi2oie;bia_legacy;bia_0001_237;1;0;2;1;3;16
multi2oie;bia_legacy;bia_0001_238;1;0;1;1;2;32
multi2oie;bia_legacy;bia_0001_239;0;2;1;2;1;17
multi2oie;bia_legacy;bia_0001_240;0;3;1;3;1;30
multi2oie;bia_legacy;bia_0001_241;1;0;0;1;1;24
multi2oie;bia_legacy;bia_0001_242;0;1;1;1;1;34
multi2oie;bia_legacy;bia_0001_243;0;4;2;4;2;27
multi2oie;bia_legacy;bia_0001_244;1;1;0;2;1;24
multi2oie;bia_legacy;bia_0001_245;0;5;1;5;1;26
multi2oie;bia_legacy;bia_0001_246;1;3;1;4;2;38
multi2oie;bia_legacy;bia_0001_247;0;4;1;4;1;28
multi2oie;bia_legacy;bia_0001_248;0;4;1;4;1;29
multi2oie;bia_legacy;bia_0001_249;1;2;2;3;3;40
multi2oie;bia_legacy;bia_0001_250;1;2;0;3;1;29
multi2oie;bia_legacy;bia_0001_251;1;0;0;1;1;28
multi2oie;bia_legacy;bia_0001_252;1;1;1;2;2;18
multi2oie;bia_legacy;bia_0001_253;1;3;2;4;3;43
multi2oie;bia_legacy;bia_0001_254;1;3;1;4;2;35
multi2oie;bia_legacy;bia_0001_255;1;3;1;4;2;20
multi2oie;bia_legacy;bia_0001_256;1;0;0;1;1;17
multi2oie;bia_legacy;bia_0001_257;0;1;1;1;1;10
multi2oie;bia_legacy;bia_0001_258;0;3;1;3;1;44
multi2oie;bia_legacy;bia_0001_259;1;1;0;2;1;19
multi2oie;bia_legacy;bia_0001_260;1;1;1;2;2;29
multi2oie;bia_legacy;bia_0001_261;0;1;1;1;1;33
multi2oie;carb_style;bia_0001_00;1;1;1;2;2;19
multi2oie;carb_style;bia_0001_01;1;3;0;4;1;26
multi2oie;carb_style;bia_0001_02;1;1;1;2;2;33
multi2oie;carb_style;bia_0001_03;1;2;0;3;1;18
multi2oie;carb_style;bia_0001_04;1;7;2;8;3;58
multi2oie;carb_style;bia_0001_05;0;2;1;2;1;28
multi2oie;carb_style;bia_0001_06;1;1;0;2;1;37
multi2oie;carb_style;bia_0001_07;1;1;0;2;1;27
multi2oie;carb_style;bia_0001_08;1;2;1;3;2;27
multi2oie;carb_style;bia_0001_09;1;0;0;1;1;22
multi2oie;carb_style;bia_0001_10;2;0;3;2;5;28
multi2oie;carb_style;bia_0001_11;1;3;1;4;2;39
multi2oie;carb_style;bia_0001_12;0;2;1;2;1;33
multi2oie;carb_style;bia_0001_13;1;3;0;4;1;44
multi2oie;carb_style;bia_0001_14;1;2;0;3;1;26
multi2oie;carb_style;bia_0001_15;2;1;0;3;2;20
multi2oie;carb_style;bia_0001_16;1;2;3;3;4;47
multi2oie;carb_style;bia_0001_17;1;2;2;3;3;24
multi2oie;carb_style;bia_0001_18;1;2;1;3;2;54
multi2oie;carb_style;bia_0001_19;1;5;0;6;1;52
multi2oie;carb_style;bia_0001_20;1;4;1;5;2;48
multi2oie;carb_style;bia_0001_21;1;1;2;2;3;23
multi2oie;carb_style;bia_0001_22;1;3;1;4;2;25
multi2oie;carb_style;bia_0001_23;2;0;1;2;3;46
multi2oie;carb_style;bia_0001_24;1;2;0;3;1;36
multi2oie;carb_style;bia_0001_25;2;1;1;3;3;52
multi2oie;carb_style;bia_0001_26;1;1;0;2;1;45
multi2oie;carb_style;bia_0001_27;1;0;0;1;1;44
multi2oie;carb_style;bia_0001_28;2;3;0;5;2;38
multi2oie;carb_style;bia_0001_29;0;2;1;2;1;24
multi2oie;carb_style;bia_0001_30;0;2;1;2;1;20
multi2oie;carb_style;bia_0001_31;1;1;1;2;2;24
multi2oie;carb_style;bia_0001_32;1;1;0;2;1;18
multi2oie;carb_style;bia_0001_33;0;3;1;3;1;33
multi2oie;carb_style;bia_0001_34;1;3;0;4;1;27
multi2oie;carb_style;bia_0001_35;1;1;0;2;1;21
multi2oie;carb_style;bia_0001_36;1;1;0;2;1;68
multi2oie;carb_style;bia_0001_37;1;0;1;1;2;22
multi2oie;carb_style;bia_0001_38;0;1;2;1;2;27
multi2oie;carb_style;bia_0001_39;2;2;2;4;4;32
multi2oie;carb_style;bia_0001_40;1;1;0;2;1;39
multi2oie;carb_style;bia_0001_41;1;0;0;1;1;17
multi2oie;carb_style;bia_0001_42;1;0;0;1;1;32
multi2oie;carb_style;bia_0001_43;2;1;0;3;2;52
multi2oie;carb_style;bia_0001_44;1;4;0;5;1;47
multi2oie;carb_style;bia_0001_45;1;3;1;4;2;67
multi2oie;carb_style;bia_0001_46;1;1;1;2;2;21
multi2oie;carb_style;bia_0001_47;1;2;1;3;2;30
multi2oie;carb_style;bia_0001_48;1;3;1;4;2;42
multi2oie;carb_style;bia_0001_49;2;4;1;6;3;49
multi2oie;carb_style;bia_0001_50;1;0;0;1;1;18
multi2oie;carb_style;bia_0001_51;1;1;0;2;1;71
multi2oie;carb_style;bia_0001_52;1;4;2;5;3;46
multi2oie;carb_style;bia_0001_53;1;0;0;1;1;20
multi2oie;carb_style;bia_0001_54;1;1;0;2;1;19
multi2oie;carb_style;bia_0001_55;1;0;1;1;2;12
multi2oie;carb_style;bia_0001_56;1;2;0;3;1;37
multi2oie;carb_style;bia_0001_57;1;1;0;2;1;18
multi2oie;carb_style;bia_0001_58;1;3;0;4;1;49
multi2oie;carb_style;bia_0001_59;1;1;0;2;1;22
multi2oie;carb_style;bia_0001_60;1;2;1;3;2;44
multi2oie;carb_style;bia_0001_61;1;1;1;2;2;22
multi2oie;carb_style;bia_0001_62;1;0;0;1;1;26
multi2oie;carb_style;bia_0001_63;1;2;0;3;1;26
multi2oie;carb_style;bia_0001_64;1;1;0;2;1;19
multi2oie;carb_style;bia_0001_65;1;3;2;4;3;42
multi2oie;carb_style;bia_0001_66;1;1;0;2;1;15
multi2oie;carb_style;bia_0001_67;1;0;0;1;1;6
multi2oie;carb_style;bia_0001_68;1;0;0;1;1;9
multi2oie;carb_style;bia_0001_69;1;0;1;1;2;26
multi2oie;carb_style;bia_0001_70;1;0;1;1;2;14
multi2oie;carb_style;bia_0001_71;2;2;0;4;2;32
multi2oie;carb_style;bia_0001_72;1;3;0;4;1;41
multi2oie;carb_style;bia_0001_73;1;2;1;3;2;17
multi2oie;carb_style;bia_0001_74;1;0;0;1;1;13
multi2oie;carb_style;bia_0001_75;1;3;0;4;1;35
multi2oie;carb_style;bia_0001_76;2;1;1;3;3;33
multi2oie;carb_style;bia_0001_77;1;1;0;2;1;31
multi2oie;carb_style;bia_0001_78;1;2;0;3;1;24
multi2oie;carb_style;bia_0001_79;2;3;1;5;3;33
multi2oie;carb_style;bia_0001_80;1;3;0;4;1;20
multi2oie;carb_style;bia_0001_81;1;1;0;2;1;12
multi2oie;carb_style;bia_0001_82;1;2;1;3;2;39
multi2oie;carb_style;bia_0001_83;1;1;0;2;1;20
multi2oie;carb_style;bia_0001_84;1;1;1;2;2;19
multi2oie;carb_style;bia_0001_85;0;3;1;3;1;30
multi2oie;carb_style;bia_0001_86;1;0;1;1;2;18
multi2oie;carb_style;bia_0001_87;2;2;1;4;3;54
multi2oie;carb_style;bia_0001_88;1;1;1;2;2;20
multi2oie;carb_style;bia_0001_89;2;3;0;5;2;44
multi2oie;carb_style;bia_0001_90;2;1;0;3;2;44
multi2oie;carb_style;bia_0001_91;1;1;1;2;2;22
multi2oie;carb_style;bia_0001_92;1;1;0;2;1;18
multi2oie;carb_style;bia_0001_93;1;2;1;3;2;23
multi2oie;carb_style;bia_0001_94;1;1;2;2;3;20
multi2oie;carb_style;bia_0001_95;1;0;1;1;2;15
multi2oie;carb_style;bia_0001_96;1;1;3;2;4;17
multi2oie;carb_style;bia_0001_97;1;1;0;2;1;31
multi2oie;carb_style;bia_0001_98;1;0;0;1;1;15
multi2oie;carb_style;bia_0001_99;1;1;1;2;2;30
multi2oie;carb_style;bia_0001_100;0;3;1;3;1;38
multi2oie;carb_style;bia_0001_101;1;2;0;3;1;35
multi2oie;carb_style;bia_0001_102;1;2;0;3;1;52
multi2oie;carb_style;bia_0001_103;1;4;1;5;2;41
multi2oie;carb_style;bia_0001_104;2;4;0;6;2;48
multi2oie;carb_style;bia_0001_105;0;1;1;1;1;10
multi2oie;carb_style;bia_0001_106;1;3;0;4;1;42
multi2oie;carb_style;bia_0001_107;1;0;0;1;1;20
multi2oie;carb_style;bia_0001_108;1;3;0;4;1;37
multi2oie;carb_style;bia_0001_109;1;2;1;3;2;39
multi2oie;carb_style;bia_0001_110;0;2;1;2;1;66
multi2oie;carb_style;bia_0001_111;1;2;2;3;3;66
multi2oie;carb_style;bia_0001_112;1;0;1;1;2;11
multi2oie;carb_style;bia_0001_113;1;5;2;6;3;44
multi2oie;carb_style;bia_0001_114;1;1;1;2;2;53
multi2oie;carb_style;bia_0001_115;1;2;0;3;1;39
multi2oie;carb_style;bia_0001_116;1;0;1;1;2;25
multi2oie;carb_style;bia_0001_117;1;1;3;2;4;42
multi2oie;carb_style;bia_0001_118;1;0;0;1;1;15
multi2oie;carb_style;bia_0001_119;1;2;8;3;9;61
multi2oie;carb_style;bia_0001_120;1;1;0;2;1;56
multi2oie;carb_style;bia_0001_121;1;1;1;2;2;19
multi2oie;carb_style;bia_0001_122;1;5;0;6;1;53
multi2oie;carb_style;bia_0001_123;1;1;1;2;2;34
multi2oie;carb_style;bia_0001_124;1;3;1;4;2;52
multi2oie;carb_style;bia_0001_125;2;2;2;4;4;39
multi2oie;carb_style;bia_0001_126;1;2;1;3;2;34
multi2oie;carb_style;bia_0001_127;1;1;0;2;1;22
multi2oie;carb_style;bia_0001_128;1;4;0;5;1;43
multi2oie;carb_style;bia_0001_129;1;0;0;1;1;15
multi2oie;carb_style;bia_0001_130;1;0;1;1;2;15
multi2oie;carb_style;bia_0001_131;1;0;0;1;1;24
multi2oie;carb_style;bia_0001_132;1;2;1;3;2;33
multi2oie;carb_style;bia_0001_133;1;0;1;1;2;15
multi2oie;carb_style;bia_0001_134;1;3;3;4;4;56
multi2oie;carb_style;bia_0001_135;1;3;0;4;1;31
multi2oie;carb_style;bia_0001_136;1;0;0;1;1;19
multi2oie;carb_style;bia_0001_137;1;2;1;3;2;30
multi2oie;carb_style;bia_0001_138;1;2;1;3;2;54
multi2oie;carb_style;bia_0001_139;1;0;0;1;1;21
multi2oie;carb_style;bia_0001_140;1;0;0;1;1;15
multi2oie;carb_style;bia_0001_141;1;0;0;1;1;21
multi2oie;carb_style;bia_0001_142;1;0;0;1;1;50
multi2oie;carb_style;bia_0001_143;1;1;0;2;1;53
multi2oie;carb_style;bia_0001_144;0;3;1;3;1;34
multi2oie;carb_style;bia_0001_145;1;0;1;1;2;16
multi2oie;carb_style;bia_0001_146;2;0;1;2;3;48
multi2oie;carb_style;bia_0001_147;1;2;1;3;2;51
multi2oie;carb_style;bia_0001_148;1;0;0;1;1;12
multi2oie;carb_style;bia_0001_149;1;2;2;3;3;35
multi2oie;carb_style;bia_0001_150;1;1;0;2;1;18
multi2oie;carb_style;bia_0001_151;1;5;0;6;1;41
multi2oie;carb_style;bia_0001_152;1;1;0;2;1;36
multi2oie;carb_style;bia_0001_153;1;1;1;2;2;44
multi2oie;carb_style;bia_0001_154;1;1;0;2;1;38
multi2oie;carb_style;bia_0001_155;0;1;1;1;1;22
multi2oie;carb_style;bia_0001_156;1;2;0;3;1;34
multi2oie;carb_style;bia_0001_157;1;3;0;4;1;31
multi2oie;carb_style;bia_0001_158;1;1;2;2;3;26
multi2oie;carb_style;bia_0001_159;1;0;0;1;1;25
multi2oie;carb_style;bia_0001_160;1;2;0;3;1;24
multi2oie;carb_style;bia_0001_161;1;0;1;1;2;11
multi2oie;carb_style;bia_0001_162;1;2;0;3;1;35
multi2oie;carb_style;bia_0001_163;1;2;0;3;1;32
multi2oie;carb_style;bia_0001_164;0;2;3;2;3;23
multi2oie;carb_style;bia_0001_165;1;1;1;2;2;22
multi2oie;carb_style;bia_0001_166;1;2;1;3;2;41
multi2oie;carb_style;bia_0001_167;1;3;0;4;1;71
multi2oie;carb_style;bia_0001_168;1;2;1;3;2;28
multi2oie;carb_style;bia_0001_169;1;1;1;2;2;30
multi2oie;carb_style;bia_0001_170;0;4;1;4;1;66
multi2oie;carb_style;bia_0001_171;1;2;1;3;2;32
multi2oie;carb_style;bia_0001_172;1;3;0;4;1;35
multi2oie;carb_style;bia_0001_173;1;1;0;2;1;21
multi2oie;carb_style;bia_0001_174;1;1;0;2;1;19
multi2oie;carb_style;bia_0001_175;1;1;2;2;3;26
multi2oie;carb_style;bia_0001_176;1;0;0;1;1;23
multi2oie;carb_style;bia_0001_177;1;0;0;1;1;16
multi2oie;carb_style;bia_0001_178;1;0;0;1;1;36
multi2oie;carb_style;bia_0001_179;1;1;1;2;2;44
multi2oie;carb_style;bia_0001_180;1;2;0;3;1;21
multi2oie;carb_style;bia_0001_181;1;0;0;1;1;16
multi2oie;carb_style;bia_0001_182;1;1;0;2;1;49
multi2oie;carb_style;bia_0001_183;2;1;0;3;2;39
multi2oie;carb_style;bia_0001_184;1;1;0;2;1;20
multi2oie;carb_style;bia_0001_185;1;0;0;1;1;10
multi2oie;carb_style;bia_0001_186;1;0;0;1;1;22
multi2oie;carb_style;bia_0001_187;1;1;1;2;2;34
multi2oie;carb_style;bia_0001_188;1;2;0;3;1;35
multi2oie;carb_style;bia_0001_189;1;4;1;5;2;54
multi2oie;carb_style;bia_0001_190;1;4;0;5;1;36
multi2oie;carb_style;bia_0001_191;1;1;0;2;1;17
multi2oie;carb_style;bia_0001_192;1;0;0;1;1;11
multi2oie;carb_style;bia_0001_193;2;1;0;3;2;30
multi2oie;carb_style;bia_0001_194;1;0;1;1;2;10
multi2oie;carb_style;bia_0001_195;1;1;1;2;2;57
multi2oie;carb_style;bia_0001_196;2;0;0;2;2;16
multi2oie;carb_style;bia_0001_197;1;2;0;3;1;32
multi2oie;carb_style;bia_0001_198;1;0;1;1;2;23
multi2oie;carb_style;bia_0001_199;0;3;1;3;1;37
multi2oie;carb_style;bia_0001_200;1;2;0;3;1;33
multi2oie;carb_style;bia_0001_201;2;0;1;2;3;24
multi2oie;carb_style;bia_0001_202;1;2;0;3;1;36
multi2oie;carb_style;bia_0001_203;1;2;0;3;1;14
multi2oie;carb_style;bia_0001_204;2;0;1;2;3;63
multi2oie;carb_style;bia_0001_205;1;1;1;2;2;34
multi2oie;carb_style;bia_0001_206;1;1;1;2;2;36
multi2oie;carb_style;bia_0001_207;1;0;0;1;1;25
multi2oie;carb_style;bia_0001_208;1;2;1;3;2;20
multi2oie;carb_style;bia_0001_209;1;2;0;3;1;20
multi2oie;carb_style;bia_0001_210;1;3;0;4;1;44
multi2oie;carb_style;bia_0001_211;1;0;0;1;1;20
multi2oie;carb_style;bia_0001_212;0;1;1;1;1;25
multi2oie;carb_style;bia_0001_213;1;3;0;4;1;58
multi2oie;carb_style;bia_0001_214;1;3;0;4;1;38
multi2oie;carb_style;bia_0001_215;1;2;0;3;1;19
multi2oie;carb_style;bia_0001_216;1;1;0;2;1;24
multi2oie;carb_style;bia_0001_217;1;2;0;3;1;39
multi2oie;carb_style;bia_0001_218;1;1;0;2;1;30
multi2oie;carb_style;bia_0001_219;1;2;0;3;1;20
multi2oie;carb_style;bia_0001_220;2;2;0;4;2;32
multi2oie;carb_style;bia_0001_221;1;0;1;1;2;18
multi2oie;carb_style;bia_0001_222;0;3;2;3;2;22
multi2oie;carb_style;bia_0001_223;1;2;0;3;1;29
multi2oie;carb_style;bia_0001_224;1;1;0;2;1;25
multi2oie;carb_style;bia_0001_225;1;2;1;3;2;40
multi2oie;carb_style;bia_0001_226;1;2;0;3;1;32
multi2oie;carb_style;bia_0001_227;1;4;1;5;2;50
multi2oie;carb_style;bia_0001_228;1;0;1;1;2;16
multi2oie;carb_style;bia_0001_229;1;1;0;2;1;36
multi2oie;carb_style;bia_0001_230;2;2;0;4;2;31
multi2oie;carb_style;bia_0001_231;1;2;0;3;1;42
multi2oie;carb_style;bia_0001_232;1;0;1;1;2;21
multi2oie;carb_style;bia_0001_233;1;0;0;1;1;13
multi2oie;carb_style;bia_0001_234;1;3;1;4;2;54
multi2oie;carb_style;bia_0001_235;2;1;0;3;2;26
multi2oie;carb_style;bia_0001_236;1;1;0;2;1;25
multi2oie;carb_style;bia_0001_237;1;0;2;1;3;16
multi2oie;carb_style;bia_0001_238;1;0;1;1;2;32
multi2oie;carb_style;bia_0001_239;1;1;0;2;1;17
multi2oie;carb_style;bia_0001_240;1;2;0;3;1;30
multi2oie;carb_style;bia_0001_241;1;0;0;1;1;24
multi2oie;carb_style;bia_0001_242;0;1;1;1;1;34
multi2oie;carb_style;bia_0001_243;2;2;0;4;2;27
multi2oie;carb_style;bia_0001_244;1;1;0;2;1;24
multi2oie;carb_style;bia_0001_245;1;4;0;5;1;26
multi2oie;carb_style;bia_0001_246;1;3;1;4;2;38
multi2oie;carb_style;bia_0001_247;1;3;0;4;1;28
multi2oie;carb_style;bia_0001_248;1;3;0;4;1;29
multi2oie;carb_style;bia_0001_249;1;2;2;3;3;40
multi2oie;carb_style;bia_0001_250;0;3;1;3;1;29
multi2oie;carb_style;bia_0001_251;1;0;0;1;1;28
multi2oie;carb_style;bia_0001_252;1;1;1;2;2;18
multi2oie;carb_style;bia_0001_253;2;2;1;4;3;43
multi2oie;carb_style;bia_0001_254;1;3;1;4;2;35
multi2oie;carb_style;bia_0001_255;2;2;0;4;2;20
multi2oie;carb_style;bia_0001_256;1;0;0;1;1;17
multi2oie;carb_style;bia_0001_257;1;0;0;1;1;10
multi2oie;carb_style;bia_0001_258;1;2;0;3;1;44
multi2oie;carb_style;bia_0001_259;1;1;0;2;1;19
multi2oie;carb_style;bia_0001_260;1;1;1;2;2;29
multi2oie;carb_style;bia_0001_261;1;0;0;1;1;33
ollama_gemma4;strict;bia_0001_00;1;0;1;1;2;19
ollama_gemma4;strict;bia_0001_01;1;4;0;5;1;26
ollama_gemma4;strict;bia_0001_02;0;2;2;2;2;33
ollama_gemma4;strict;bia_0001_03;0;2;1;2;1;18
ollama_gemma4;strict;bia_0001_04;0;10;3;10;3;58
ollama_gemma4;strict;bia_0001_05;0;2;1;2;1;28
ollama_gemma4;strict;bia_0001_06;0;2;1;2;1;37
ollama_gemma4;strict;bia_0001_07;1;1;0;2;1;27
ollama_gemma4;strict;bia_0001_08;1;2;1;3;2;27
ollama_gemma4;strict;bia_0001_09;0;2;1;2;1;22
ollama_gemma4;strict;bia_0001_10;1;2;4;3;5;28
ollama_gemma4;strict;bia_0001_11;1;5;1;6;2;39
ollama_gemma4;strict;bia_0001_12;0;3;1;3;1;33
ollama_gemma4;strict;bia_0001_13;0;1;1;1;1;44
ollama_gemma4;strict;bia_0001_14;0;4;1;4;1;26
ollama_gemma4;strict;bia_0001_15;0;2;2;2;2;20
ollama_gemma4;strict;bia_0001_16;1;1;3;2;4;47
ollama_gemma4;strict;bia_0001_17;0;2;3;2;3;24
ollama_gemma4;strict;bia_0001_18;0;3;2;3;2;54
ollama_gemma4;strict;bia_0001_19;1;3;0;4;1;52
ollama_gemma4;strict;bia_0001_20;0;3;2;3;2;48
ollama_gemma4;strict;bia_0001_21;0;2;3;2;3;23
ollama_gemma4;strict;bia_0001_22;0;3;2;3;2;25
ollama_gemma4;strict;bia_0001_23;0;4;3;4;3;46
ollama_gemma4;strict;bia_0001_24;1;2;0;3;1;36
ollama_gemma4;strict;bia_0001_25;0;2;3;2;3;52
ollama_gemma4;strict;bia_0001_26;0;5;1;5;1;45
ollama_gemma4;strict;bia_0001_27;0;3;1;3;1;44
ollama_gemma4;strict;bia_0001_28;1;1;1;2;2;38
ollama_gemma4;strict;bia_0001_29;0;3;1;3;1;24
ollama_gemma4;strict;bia_0001_30;0;2;1;2;1;20
ollama_gemma4;strict;bia_0001_31;1;1;1;2;2;24
ollama_gemma4;strict;bia_0001_32;0;1;1;1;1;18
ollama_gemma4;strict;bia_0001_33;0;2;1;2;1;33
ollama_gemma4;strict;bia_0001_34;0;3;1;3;1;27
ollama_gemma4;strict;bia_0001_35;0;1;1;1;1;21
ollama_gemma4;strict;bia_0001_36;1;5;0;6;1;68
ollama_gemma4;strict;bia_0001_37;1;2;1;3;2;22
ollama_gemma4;strict;bia_0001_38;0;3;2;3;2;27
ollama_gemma4;strict;bia_0001_39;1;0;3;1;4;32
ollama_gemma4;strict;bia_0001_40;1;3;0;4;1;39
ollama_gemma4;strict;bia_0001_41;1;1;0;2;1;17
ollama_gemma4;strict;bia_0001_42;0;3;1;3;1;32
ollama_gemma4;strict;bia_0001_43;2;1;0;3;2;52
ollama_gemma4;strict;bia_0001_44;0;6;1;6;1;47
ollama_gemma4;strict;bia_0001_45;1;3;1;4;2;67
ollama_gemma4;strict;bia_0001_46;0;2;2;2;2;21
ollama_gemma4;strict;bia_0001_47;1;2;1;3;2;30
ollama_gemma4;strict;bia_0001_48;1;2;1;3;2;42
ollama_gemma4;strict;bia_0001_49;1;3;2;4;3;49
ollama_gemma4;strict;bia_0001_50;1;1;0;2;1;18
ollama_gemma4;strict;bia_0001_51;0;5;1;5;1;71
ollama_gemma4;strict;bia_0001_52;1;4;2;5;3;46
ollama_gemma4;strict;bia_0001_53;0;1;1;1;1;20
ollama_gemma4;strict;bia_0001_54;0;2;1;2;1;19
ollama_gemma4;strict;bia_0001_55;1;0;1;1;2;12
ollama_gemma4;strict;bia_0001_56;0;4;1;4;1;37
ollama_gemma4;strict;bia_0001_57;0;2;1;2;1;18
ollama_gemma4;strict;bia_0001_58;0;6;1;6;1;49
ollama_gemma4;strict;bia_0001_59;0;3;1;3;1;22
ollama_gemma4;strict;bia_0001_60;1;6;1;7;2;44
ollama_gemma4;strict;bia_0001_61;0;2;2;2;2;22
ollama_gemma4;strict;bia_0001_62;1;1;0;2;1;26
ollama_gemma4;strict;bia_0001_63;0;5;1;5;1;26
ollama_gemma4;strict;bia_0001_64;0;2;1;2;1;19
ollama_gemma4;strict;bia_0001_65;0;3;3;3;3;42
ollama_gemma4;strict;bia_0001_66;0;2;1;2;1;15
ollama_gemma4;strict;bia_0001_67;0;1;1;1;1;6
ollama_gemma4;strict;bia_0001_68;0;1;1;1;1;9
ollama_gemma4;strict;bia_0001_69;1;5;1;6;2;26
ollama_gemma4;strict;bia_0001_70;1;1;1;2;2;14
ollama_gemma4;strict;bia_0001_71;2;2;0;4;2;32
ollama_gemma4;strict;bia_0001_72;1;2;0;3;1;41
ollama_gemma4;strict;bia_0001_73;0;2;2;2;2;17
ollama_gemma4;strict;bia_0001_74;0;2;1;2;1;13
ollama_gemma4;strict;bia_0001_75;0;2;1;2;1;35
ollama_gemma4;strict;bia_0001_76;2;1;1;3;3;33
ollama_gemma4;strict;bia_0001_77;1;1;0;2;1;31
ollama_gemma4;strict;bia_0001_78;0;1;1;1;1;24
ollama_gemma4;strict;bia_0001_79;1;2;2;3;3;33
ollama_gemma4;strict;bia_0001_80;1;1;0;2;1;20
ollama_gemma4;strict;bia_0001_81;0;1;1;1;1;12
ollama_gemma4;strict;bia_0001_82;0;4;2;4;2;39
ollama_gemma4;strict;bia_0001_83;0;2;1;2;1;20
ollama_gemma4;strict;bia_0001_84;1;1;1;2;2;19
ollama_gemma4;strict;bia_0001_85;0;2;1;2;1;30
ollama_gemma4;strict;bia_0001_86;0;1;2;1;2;18
ollama_gemma4;strict;bia_0001_87;2;3;1;5;3;54
ollama_gemma4;strict;bia_0001_88;0;2;2;2;2;20
ollama_gemma4;strict;bia_0001_89;2;1;0;3;2;44
ollama_gemma4;strict;bia_0001_90;1;2;1;3;2;44
ollama_gemma4;strict;bia_0001_91;0;0;2;0;2;22
ollama_gemma4;strict;bia_0001_92;1;1;0;2;1;18
ollama_gemma4;strict;bia_0001_93;1;1;1;2;2;23
ollama_gemma4;strict;bia_0001_94;0;1;3;1;3;20
ollama_gemma4;strict;bia_0001_95;0;4;2;4;2;15
ollama_gemma4;strict;bia_0001_96;1;1;3;2;4;17
ollama_gemma4;strict;bia_0001_97;0;2;1;2;1;31
ollama_gemma4;strict;bia_0001_98;1;1;0;2;1;15
ollama_gemma4;strict;bia_0001_99;1;2;1;3;2;30
ollama_gemma4;strict;bia_0001_100;0;3;1;3;1;38
ollama_gemma4;strict;bia_0001_101;0;2;1;2;1;35
ollama_gemma4;strict;bia_0001_102;1;2;0;3;1;52
ollama_gemma4;strict;bia_0001_103;1;2;1;3;2;41
ollama_gemma4;strict;bia_0001_104;0;3;2;3;2;48
ollama_gemma4;strict;bia_0001_105;1;1;0;2;1;10
ollama_gemma4;strict;bia_0001_106;0;3;1;3;1;42
ollama_gemma4;strict;bia_0001_107;1;0;0;1;1;20
ollama_gemma4;strict;bia_0001_108;1;1;0;2;1;37
ollama_gemma4;strict;bia_0001_109;1;3;1;4;2;39
ollama_gemma4;strict;bia_0001_110;0;1;1;1;1;66
ollama_gemma4;strict;bia_0001_111;0;5;3;5;3;66
ollama_gemma4;strict;bia_0001_112;0;1;2;1;2;11
ollama_gemma4;strict;bia_0001_113;1;4;2;5;3;44
ollama_gemma4;strict;bia_0001_114;1;7;1;8;2;53
ollama_gemma4;strict;bia_0001_115;0;4;1;4;1;39
ollama_gemma4;strict;bia_0001_116;1;1;1;2;2;25
ollama_gemma4;strict;bia_0001_117;4;0;0;4;4;42
ollama_gemma4;strict;bia_0001_118;0;1;1;1;1;15
ollama_gemma4;strict;bia_0001_119;1;2;8;3;9;61
ollama_gemma4;strict;bia_0001_120;0;8;1;8;1;56
ollama_gemma4;strict;bia_0001_121;0;2;2;2;2;19
ollama_gemma4;strict;bia_0001_122;0;6;1;6;1;53
ollama_gemma4;strict;bia_0001_123;0;2;2;2;2;34
ollama_gemma4;strict;bia_0001_124;0;3;2;3;2;52
ollama_gemma4;strict;bia_0001_125;0;3;4;3;4;39
ollama_gemma4;strict;bia_0001_126;0;3;2;3;2;34
ollama_gemma4;strict;bia_0001_127;0;2;1;2;1;22
ollama_gemma4;strict;bia_0001_128;1;2;0;3;1;43
ollama_gemma4;strict;bia_0001_129;0;1;1;1;1;15
ollama_gemma4;strict;bia_0001_130;1;0;1;1;2;15
ollama_gemma4;strict;bia_0001_131;0;2;1;2;1;24
ollama_gemma4;strict;bia_0001_132;0;2;2;2;2;33
ollama_gemma4;strict;bia_0001_133;1;0;1;1;2;15
ollama_gemma4;strict;bia_0001_134;0;6;4;6;4;56
ollama_gemma4;strict;bia_0001_135;1;1;0;2;1;31
ollama_gemma4;strict;bia_0001_136;0;1;1;1;1;19
ollama_gemma4;strict;bia_0001_137;0;2;2;2;2;30
ollama_gemma4;strict;bia_0001_138;1;4;1;5;2;54
ollama_gemma4;strict;bia_0001_139;0;2;1;2;1;21
ollama_gemma4;strict;bia_0001_140;1;0;0;1;1;15
ollama_gemma4;strict;bia_0001_141;1;0;0;1;1;21
ollama_gemma4;strict;bia_0001_142;0;9;1;9;1;50
ollama_gemma4;strict;bia_0001_143;1;3;0;4;1;53
ollama_gemma4;strict;bia_0001_144;1;2;0;3;1;34
ollama_gemma4;strict;bia_0001_145;0;1;2;1;2;16
ollama_gemma4;strict;bia_0001_146;2;1;1;3;3;48
ollama_gemma4;strict;bia_0001_147;1;2;1;3;2;51
ollama_gemma4;strict;bia_0001_148;0;2;1;2;1;12
ollama_gemma4;strict;bia_0001_149;1;1;2;2;3;35
ollama_gemma4;strict;bia_0001_150;1;1;0;2;1;18
ollama_gemma4;strict;bia_0001_151;0;3;1;3;1;41
ollama_gemma4;strict;bia_0001_152;0;2;1;2;1;36
ollama_gemma4;strict;bia_0001_153;0;3;2;3;2;44
ollama_gemma4;strict;bia_0001_154;1;2;0;3;1;38
ollama_gemma4;strict;bia_0001_155;1;0;0;1;1;22
ollama_gemma4;strict;bia_0001_156;1;2;0;3;1;34
ollama_gemma4;strict;bia_0001_157;1;3;0;4;1;31
ollama_gemma4;strict;bia_0001_158;0;4;3;4;3;26
ollama_gemma4;strict;bia_0001_159;1;1;0;2;1;25
ollama_gemma4;strict;bia_0001_160;0;2;1;2;1;24
ollama_gemma4;strict;bia_0001_161;0;1;2;1;2;11
ollama_gemma4;strict;bia_0001_162;0;2;1;2;1;35
ollama_gemma4;strict;bia_0001_163;1;2;0;3;1;32
ollama_gemma4;strict;bia_0001_164;2;0;1;2;3;23
ollama_gemma4;strict;bia_0001_165;0;1;2;1;2;22
ollama_gemma4;strict;bia_0001_166;0;2;2;2;2;41
ollama_gemma4;strict;bia_0001_167;1;2;0;3;1;71
ollama_gemma4;strict;bia_0001_168;1;2;1;3;2;28
ollama_gemma4;strict;bia_0001_169;1;0;1;1;2;30
ollama_gemma4;strict;bia_0001_170;0;7;1;7;1;66
ollama_gemma4;strict;bia_0001_171;0;2;2;2;2;32
ollama_gemma4;strict;bia_0001_172;0;3;1;3;1;35
ollama_gemma4;strict;bia_0001_173;1;1;0;2;1;21
ollama_gemma4;strict;bia_0001_174;1;1;0;2;1;19
ollama_gemma4;strict;bia_0001_175;0;2;3;2;3;26
ollama_gemma4;strict;bia_0001_176;0;2;1;2;1;23
ollama_gemma4;strict;bia_0001_177;1;1;0;2;1;16
ollama_gemma4;strict;bia_0001_178;0;4;1;4;1;36
ollama_gemma4;strict;bia_0001_179;0;14;2;14;2;44
ollama_gemma4;strict;bia_0001_180;0;3;1;3;1;21
ollama_gemma4;strict;bia_0001_181;1;1;0;2;1;16
ollama_gemma4;strict;bia_0001_182;0;5;1;5;1;49
ollama_gemma4;strict;bia_0001_183;2;2;0;4;2;39
ollama_gemma4;strict;bia_0001_184;1;2;0;3;1;20
ollama_gemma4;strict;bia_0001_185;0;1;1;1;1;10
ollama_gemma4;strict;bia_0001_186;1;0;0;1;1;22
ollama_gemma4;strict;bia_0001_187;0;2;2;2;2;34
ollama_gemma4;strict;bia_0001_188;0;2;1;2;1;35
ollama_gemma4;strict;bia_0001_189;1;4;1;5;2;54
ollama_gemma4;strict;bia_0001_190;0;2;1;2;1;36
ollama_gemma4;strict;bia_0001_191;1;1;0;2;1;17
ollama_gemma4;strict;bia_0001_192;0;1;1;1;1;11
ollama_gemma4;strict;bia_0001_193;0;3;2;3;2;30
ollama_gemma4;strict;bia_0001_194;1;0;1;1;2;10
ollama_gemma4;strict;bia_0001_195;0;7;2;7;2;57
ollama_gemma4;strict;bia_0001_196;1;1;1;2;2;16
ollama_gemma4;strict;bia_0001_197;0;3;1;3;1;32
ollama_gemma4;strict;bia_0001_198;0;1;2;1;2;23
ollama_gemma4;strict;bia_0001_199;0;3;1;3;1;37
ollama_gemma4;strict;bia_0001_200;0;3;1;3;1;33
ollama_gemma4;strict;bia_0001_201;0;3;3;3;3;24
ollama_gemma4;strict;bia_0001_202;1;4;0;5;1;36
ollama_gemma4;strict;bia_0001_203;0;2;1;2;1;14
ollama_gemma4;strict;bia_0001_204;2;3;1;5;3;63
ollama_gemma4;strict;bia_0001_205;1;6;1;7;2;34
ollama_gemma4;strict;bia_0001_206;0;2;2;2;2;36
ollama_gemma4;strict;bia_0001_207;0;2;1;2;1;25
ollama_gemma4;strict;bia_0001_208;0;4;2;4;2;20
ollama_gemma4;strict;bia_0001_209;0;4;1;4;1;20
ollama_gemma4;strict;bia_0001_210;0;4;1;4;1;44
ollama_gemma4;strict;bia_0001_211;0;2;1;2;1;20
ollama_gemma4;strict;bia_0001_212;0;2;1;2;1;25
ollama_gemma4;strict;bia_0001_213;1;3;0;4;1;58
ollama_gemma4;strict;bia_0001_214;1;2;0;3;1;38
ollama_gemma4;strict;bia_0001_215;1;1;0;2;1;19
ollama_gemma4;strict;bia_0001_216;0;4;1;4;1;24
ollama_gemma4;strict;bia_0001_217;1;1;0;2;1;39
ollama_gemma4;strict;bia_0001_218;1;1;0;2;1;30
ollama_gemma4;strict;bia_0001_219;1;1;0;2;1;20
ollama_gemma4;strict;bia_0001_220;1;1;1;2;2;32
ollama_gemma4;strict;bia_0001_221;1;1;1;2;2;18
ollama_gemma4;strict;bia_0001_222;0;2;2;2;2;22
ollama_gemma4;strict;bia_0001_223;0;2;1;2;1;29
ollama_gemma4;strict;bia_0001_224;0;2;1;2;1;25
ollama_gemma4;strict;bia_0001_225;0;1;2;1;2;40
ollama_gemma4;strict;bia_0001_226;1;1;0;2;1;32
ollama_gemma4;strict;bia_0001_227;0;5;2;5;2;50
ollama_gemma4;strict;bia_0001_228;1;0;1;1;2;16
ollama_gemma4;strict;bia_0001_229;1;1;0;2;1;36
ollama_gemma4;strict;bia_0001_230;0;3;2;3;2;31
ollama_gemma4;strict;bia_0001_231;1;2;0;3;1;42
ollama_gemma4;strict;bia_0001_232;1;3;1;4;2;21
ollama_gemma4;strict;bia_0001_233;0;2;1;2;1;13
ollama_gemma4;strict;bia_0001_234;0;2;2;2;2;54
ollama_gemma4;strict;bia_0001_235;1;1;1;2;2;26
ollama_gemma4;strict;bia_0001_236;0;1;1;1;1;25
ollama_gemma4;strict;bia_0001_237;1;0;2;1;3;16
ollama_gemma4;strict;bia_0001_238;0;3;2;3;2;32
ollama_gemma4;strict;bia_0001_239;0;3;1;3;1;17
ollama_gemma4;strict;bia_0001_240;0;4;1;4;1;30
ollama_gemma4;strict;bia_0001_241;1;2;0;3;1;24
ollama_gemma4;strict;bia_0001_242;0;2;1;2;1;34
ollama_gemma4;strict;bia_0001_243;0;2;2;2;2;27
ollama_gemma4;strict;bia_0001_244;0;2;1;2;1;24
ollama_gemma4;strict;bia_0001_245;0;3;1;3;1;26
ollama_gemma4;strict;bia_0001_246;1;2;1;3;2;38
ollama_gemma4;strict;bia_0001_247;1;3;0;4;1;28
ollama_gemma4;strict;bia_0001_248;0;3;1;3;1;29
ollama_gemma4;strict;bia_0001_249;1;2;2;3;3;40
ollama_gemma4;strict;bia_0001_250;1;2;0;3;1;29
ollama_gemma4;strict;bia_0001_251;0;2;1;2;1;28
ollama_gemma4;strict;bia_0001_252;1;1;1;2;2;18
ollama_gemma4;strict;bia_0001_253;1;4;2;5;3;43
ollama_gemma4;strict;bia_0001_254;1;3;1;4;2;35
ollama_gemma4;strict;bia_0001_255;0;3;2;3;2;20
ollama_gemma4;strict;bia_0001_256;0;2;1;2;1;17
ollama_gemma4;strict;bia_0001_257;1;0;0;1;1;10
ollama_gemma4;strict;bia_0001_258;1;3;0;4;1;44
ollama_gemma4;strict;bia_0001_259;0;2;1;2;1;19
ollama_gemma4;strict;bia_0001_260;1;2;1;3;2;29
ollama_gemma4;strict;bia_0001_261;1;1;0;2;1;33
ollama_gemma4;tolerant;bia_0001_00;1;0;1;1;2;19
ollama_gemma4;tolerant;bia_0001_01;1;4;0;5;1;26
ollama_gemma4;tolerant;bia_0001_02;1;1;1;2;2;33
ollama_gemma4;tolerant;bia_0001_03;0;2;1;2;1;18
ollama_gemma4;tolerant;bia_0001_04;1;9;2;10;3;58
ollama_gemma4;tolerant;bia_0001_05;0;2;1;2;1;28
ollama_gemma4;tolerant;bia_0001_06;0;2;1;2;1;37
ollama_gemma4;tolerant;bia_0001_07;1;1;0;2;1;27
ollama_gemma4;tolerant;bia_0001_08;1;2;1;3;2;27
ollama_gemma4;tolerant;bia_0001_09;0;2;1;2;1;22
ollama_gemma4;tolerant;bia_0001_10;2;1;3;3;5;28
ollama_gemma4;tolerant;bia_0001_11;1;5;1;6;2;39
ollama_gemma4;tolerant;bia_0001_12;0;3;1;3;1;33
ollama_gemma4;tolerant;bia_0001_13;0;1;1;1;1;44
ollama_gemma4;tolerant;bia_0001_14;0;4;1;4;1;26
ollama_gemma4;tolerant;bia_0001_15;0;2;2;2;2;20
ollama_gemma4;tolerant;bia_0001_16;1;1;3;2;4;47
ollama_gemma4;tolerant;bia_0001_17;0;2;3;2;3;24
ollama_gemma4;tolerant;bia_0001_18;1;2;1;3;2;54
ollama_gemma4;tolerant;bia_0001_19;1;3;0;4;1;52
ollama_gemma4;tolerant;bia_0001_20;1;2;1;3;2;48
ollama_gemma4;tolerant;bia_0001_21;1;1;2;2;3;23
ollama_gemma4;tolerant;bia_0001_22;0;3;2;3;2;25
ollama_gemma4;tolerant;bia_0001_23;1;3;2;4;3;46
ollama_gemma4;tolerant;bia_0001_24;1;2;0;3;1;36
ollama_gemma4;tolerant;bia_0001_25;0;2;3;2;3;52
ollama_gemma4;tolerant;bia_0001_26;1;4;0;5;1;45
ollama_gemma4;tolerant;bia_0001_27;1;2;0;3;1;44
ollama_gemma4;tolerant;bia_0001_28;1;1;1;2;2;38
ollama_gemma4;tolerant;bia_0001_29;0;3;1;3;1;24
ollama_gemma4;tolerant;bia_0001_30;0;2;1;2;1;20
ollama_gemma4;tolerant;bia_0001_31;1;1;1;2;2;24
ollama_gemma4;tolerant;bia_0001_32;0;1;1;1;1;18
ollama_gemma4;tolerant;bia_0001_33;0;2;1;2;1;33
ollama_gemma4;tolerant;bia_0001_34;0;3;1;3;1;27
ollama_gemma4;tolerant;bia_0001_35;0;1;1;1;1;21
ollama_gemma4;tolerant;bia_0001_36;1;5;0;6;1;68
ollama_gemma4;tolerant;bia_0001_37;1;2;1;3;2;22
ollama_gemma4;tolerant;bia_0001_38;1;2;1;3;2;27
ollama_gemma4;tolerant;bia_0001_39;1;0;3;1;4;32
ollama_gemma4;tolerant;bia_0001_40;1;3;0;4;1;39
ollama_gemma4;tolerant;bia_0001_41;1;1;0;2;1;17
ollama_gemma4;tolerant;bia_0001_42;0;3;1;3;1;32
ollama_gemma4;tolerant;bia_0001_43;2;1;0;3;2;52
ollama_gemma4;tolerant;bia_0001_44;0;6;1;6;1;47
ollama_gemma4;tolerant;bia_0001_45;1;3;1;4;2;67
ollama_gemma4;tolerant;bia_0001_46;0;2;2;2;2;21
ollama_gemma4;tolerant;bia_0001_47;1;2;1;3;2;30
ollama_gemma4;tolerant;bia_0001_48;1;2;1;3;2;42
ollama_gemma4;tolerant;bia_0001_49;1;3;2;4;3;49
ollama_gemma4;tolerant;bia_0001_50;1;1;0;2;1;18
ollama_gemma4;tolerant;bia_0001_51;0;5;1;5;1;71
ollama_gemma4;tolerant;bia_0001_52;1;4;2;5;3;46
ollama_gemma4;tolerant;bia_0001_53;0;1;1;1;1;20
ollama_gemma4;tolerant;bia_0001_54;0;2;1;2;1;19
ollama_gemma4;tolerant;bia_0001_55;1;0;1;1;2;12
ollama_gemma4;tolerant;bia_0001_56;0;4;1;4;1;37
ollama_gemma4;tolerant;bia_0001_57;0;2;1;2;1;18
ollama_gemma4;tolerant;bia_0001_58;1;5;0;6;1;49
ollama_gemma4;tolerant;bia_0001_59;0;3;1;3;1;22
ollama_gemma4;tolerant;bia_0001_60;1;6;1;7;2;44
ollama_gemma4;tolerant;bia_0001_61;0;2;2;2;2;22
ollama_gemma4;tolerant;bia_0001_62;1;1;0;2;1;26
ollama_gemma4;tolerant;bia_0001_63;0;5;1;5;1;26
ollama_gemma4;tolerant;bia_0001_64;1;1;0;2;1;19
ollama_gemma4;tolerant;bia_0001_65;1;2;2;3;3;42
ollama_gemma4;tolerant;bia_0001_66;1;1;0;2;1;15
ollama_gemma4;tolerant;bia_0001_67;0;1;1;1;1;6
ollama_gemma4;tolerant;bia_0001_68;0;1;1;1;1;9
ollama_gemma4;tolerant;bia_0001_69;1;5;1;6;2;26
ollama_gemma4;tolerant;bia_0001_70;1;1;1;2;2;14
ollama_gemma4;tolerant;bia_0001_71;2;2;0;4;2;32
ollama_gemma4;tolerant;bia_0001_72;1;2;0;3;1;41
ollama_gemma4;tolerant;bia_0001_73;1;1;1;2;2;17
ollama_gemma4;tolerant;bia_0001_74;0;2;1;2;1;13
ollama_gemma4;tolerant;bia_0001_75;0;2;1;2;1;35
ollama_gemma4;tolerant;bia_0001_76;2;1;1;3;3;33
ollama_gemma4;tolerant;bia_0001_77;1;1;0;2;1;31
ollama_gemma4;tolerant;bia_0001_78;0;1;1;1;1;24
ollama_gemma4;tolerant;bia_0001_79;2;1;1;3;3;33
ollama_gemma4;tolerant;bia_0001_80;1;1;0;2;1;20
ollama_gemma4;tolerant;bia_0001_81;0;1;1;1;1;12
ollama_gemma4;tolerant;bia_0001_82;0;4;2;4;2;39
ollama_gemma4;tolerant;bia_0001_83;0;2;1;2;1;20
ollama_gemma4;tolerant;bia_0001_84;1;1;1;2;2;19
ollama_gemma4;tolerant;bia_0001_85;0;2;1;2;1;30
ollama_gemma4;tolerant;bia_0001_86;0;1;2;1;2;18
ollama_gemma4;tolerant;bia_0001_87;2;3;1;5;3;54
ollama_gemma4;tolerant;bia_0001_88;0;2;2;2;2;20
ollama_gemma4;tolerant;bia_0001_89;2;1;0;3;2;44
ollama_gemma4;tolerant;bia_0001_90;2;1;0;3;2;44
ollama_gemma4;tolerant;bia_0001_91;0;0;2;0;2;22
ollama_gemma4;tolerant;bia_0001_92;1;1;0;2;1;18
ollama_gemma4;tolerant;bia_0001_93;1;1;1;2;2;23
ollama_gemma4;tolerant;bia_0001_94;0;1;3;1;3;20
ollama_gemma4;tolerant;bia_0001_95;0;4;2;4;2;15
ollama_gemma4;tolerant;bia_0001_96;1;1;3;2;4;17
ollama_gemma4;tolerant;bia_0001_97;0;2;1;2;1;31
ollama_gemma4;tolerant;bia_0001_98;1;1;0;2;1;15
ollama_gemma4;tolerant;bia_0001_99;1;2;1;3;2;30
ollama_gemma4;tolerant;bia_0001_100;0;3;1;3;1;38
ollama_gemma4;tolerant;bia_0001_101;0;2;1;2;1;35
ollama_gemma4;tolerant;bia_0001_102;1;2;0;3;1;52
ollama_gemma4;tolerant;bia_0001_103;1;2;1;3;2;41
ollama_gemma4;tolerant;bia_0001_104;0;3;2;3;2;48
ollama_gemma4;tolerant;bia_0001_105;1;1;0;2;1;10
ollama_gemma4;tolerant;bia_0001_106;0;3;1;3;1;42
ollama_gemma4;tolerant;bia_0001_107;1;0;0;1;1;20
ollama_gemma4;tolerant;bia_0001_108;1;1;0;2;1;37
ollama_gemma4;tolerant;bia_0001_109;1;3;1;4;2;39
ollama_gemma4;tolerant;bia_0001_110;0;1;1;1;1;66
ollama_gemma4;tolerant;bia_0001_111;1;4;2;5;3;66
ollama_gemma4;tolerant;bia_0001_112;0;1;2;1;2;11
ollama_gemma4;tolerant;bia_0001_113;1;4;2;5;3;44
ollama_gemma4;tolerant;bia_0001_114;1;7;1;8;2;53
ollama_gemma4;tolerant;bia_0001_115;1;3;0;4;1;39
ollama_gemma4;tolerant;bia_0001_116;1;1;1;2;2;25
ollama_gemma4;tolerant;bia_0001_117;4;0;0;4;4;42
ollama_gemma4;tolerant;bia_0001_118;0;1;1;1;1;15
ollama_gemma4;tolerant;bia_0001_119;2;1;7;3;9;61
ollama_gemma4;tolerant;bia_0001_120;0;8;1;8;1;56
ollama_gemma4;tolerant;bia_0001_121;1;1;1;2;2;19
ollama_gemma4;tolerant;bia_0001_122;0;6;1;6;1;53
ollama_gemma4;tolerant;bia_0001_123;0;2;2;2;2;34
ollama_gemma4;tolerant;bia_0001_124;0;3;2;3;2;52
ollama_gemma4;tolerant;bia_0001_125;1;2;3;3;4;39
ollama_gemma4;tolerant;bia_0001_126;0;3;2;3;2;34
ollama_gemma4;tolerant;bia_0001_127;0;2;1;2;1;22
ollama_gemma4;tolerant;bia_0001_128;1;2;0;3;1;43
ollama_gemma4;tolerant;bia_0001_129;1;0;0;1;1;15
ollama_gemma4;tolerant;bia_0001_130;1;0;1;1;2;15
ollama_gemma4;tolerant;bia_0001_131;1;1;0;2;1;24
ollama_gemma4;tolerant;bia_0001_132;0;2;2;2;2;33
ollama_gemma4;tolerant;bia_0001_133;1;0;1;1;2;15
ollama_gemma4;tolerant;bia_0001_134;1;5;3;6;4;56
ollama_gemma4;tolerant;bia_0001_135;1;1;0;2;1;31
ollama_gemma4;tolerant;bia_0001_136;0;1;1;1;1;19
ollama_gemma4;tolerant;bia_0001_137;0;2;2;2;2;30
ollama_gemma4;tolerant;bia_0001_138;1;4;1;5;2;54
ollama_gemma4;tolerant;bia_0001_139;0;2;1;2;1;21
ollama_gemma4;tolerant;bia_0001_140;1;0;0;1;1;15
ollama_gemma4;tolerant;bia_0001_141;1;0;0;1;1;21
ollama_gemma4;tolerant;bia_0001_142;0;9;1;9;1;50
ollama_gemma4;tolerant;bia_0001_143;1;3;0;4;1;53
ollama_gemma4;tolerant;bia_0001_144;1;2;0;3;1;34
ollama_gemma4;tolerant;bia_0001_145;1;0;1;1;2;16
ollama_gemma4;tolerant;bia_0001_146;2;1;1;3;3;48
ollama_gemma4;tolerant;bia_0001_147;1;2;1;3;2;51
ollama_gemma4;tolerant;bia_0001_148;0;2;1;2;1;12
ollama_gemma4;tolerant;bia_0001_149;1;1;2;2;3;35
ollama_gemma4;tolerant;bia_0001_150;1;1;0;2;1;18
ollama_gemma4;tolerant;bia_0001_151;0;3;1;3;1;41
ollama_gemma4;tolerant;bia_0001_152;0;2;1;2;1;36
ollama_gemma4;tolerant;bia_0001_153;0;3;2;3;2;44
ollama_gemma4;tolerant;bia_0001_154;1;2;0;3;1;38
ollama_gemma4;tolerant;bia_0001_155;1;0;0;1;1;22
ollama_gemma4;tolerant;bia_0001_156;1;2;0;3;1;34
ollama_gemma4;tolerant;bia_0001_157;1;3;0;4;1;31
ollama_gemma4;tolerant;bia_0001_158;0;4;3;4;3;26
ollama_gemma4;tolerant;bia_0001_159;1;1;0;2;1;25
ollama_gemma4;tolerant;bia_0001_160;1;1;0;2;1;24
ollama_gemma4;tolerant;bia_0001_161;0;1;2;1;2;11
ollama_gemma4;tolerant;bia_0001_162;1;1;0;2;1;35
ollama_gemma4;tolerant;bia_0001_163;1;2;0;3;1;32
ollama_gemma4;tolerant;bia_0001_164;2;0;1;2;3;23
ollama_gemma4;tolerant;bia_0001_165;0;1;2;1;2;22
ollama_gemma4;tolerant;bia_0001_166;0;2;2;2;2;41
ollama_gemma4;tolerant;bia_0001_167;1;2;0;3;1;71
ollama_gemma4;tolerant;bia_0001_168;2;1;0;3;2;28
ollama_gemma4;tolerant;bia_0001_169;1;0;1;1;2;30
ollama_gemma4;tolerant;bia_0001_170;1;6;0;7;1;66
ollama_gemma4;tolerant;bia_0001_171;0;2;2;2;2;32
ollama_gemma4;tolerant;bia_0001_172;0;3;1;3;1;35
ollama_gemma4;tolerant;bia_0001_173;1;1;0;2;1;21
ollama_gemma4;tolerant;bia_0001_174;1;1;0;2;1;19
ollama_gemma4;tolerant;bia_0001_175;0;2;3;2;3;26
ollama_gemma4;tolerant;bia_0001_176;0;2;1;2;1;23
ollama_gemma4;tolerant;bia_0001_177;1;1;0;2;1;16
ollama_gemma4;tolerant;bia_0001_178;0;4;1;4;1;36
ollama_gemma4;tolerant;bia_0001_179;0;14;2;14;2;44
ollama_gemma4;tolerant;bia_0001_180;1;2;0;3;1;21
ollama_gemma4;tolerant;bia_0001_181;1;1;0;2;1;16
ollama_gemma4;tolerant;bia_0001_182;0;5;1;5;1;49
ollama_gemma4;tolerant;bia_0001_183;2;2;0;4;2;39
ollama_gemma4;tolerant;bia_0001_184;1;2;0;3;1;20
ollama_gemma4;tolerant;bia_0001_185;0;1;1;1;1;10
ollama_gemma4;tolerant;bia_0001_186;1;0;0;1;1;22
ollama_gemma4;tolerant;bia_0001_187;0;2;2;2;2;34
ollama_gemma4;tolerant;bia_0001_188;0;2;1;2;1;35
ollama_gemma4;tolerant;bia_0001_189;1;4;1;5;2;54
ollama_gemma4;tolerant;bia_0001_190;0;2;1;2;1;36
ollama_gemma4;tolerant;bia_0001_191;1;1;0;2;1;17
ollama_gemma4;tolerant;bia_0001_192;0;1;1;1;1;11
ollama_gemma4;tolerant;bia_0001_193;0;3;2;3;2;30
ollama_gemma4;tolerant;bia_0001_194;1;0;1;1;2;10
ollama_gemma4;tolerant;bia_0001_195;0;7;2;7;2;57
ollama_gemma4;tolerant;bia_0001_196;1;1;1;2;2;16
ollama_gemma4;tolerant;bia_0001_197;0;3;1;3;1;32
ollama_gemma4;tolerant;bia_0001_198;1;0;1;1;2;23
ollama_gemma4;tolerant;bia_0001_199;0;3;1;3;1;37
ollama_gemma4;tolerant;bia_0001_200;0;3;1;3;1;33
ollama_gemma4;tolerant;bia_0001_201;0;3;3;3;3;24
ollama_gemma4;tolerant;bia_0001_202;1;4;0;5;1;36
ollama_gemma4;tolerant;bia_0001_203;0;2;1;2;1;14
ollama_gemma4;tolerant;bia_0001_204;2;3;1;5;3;63
ollama_gemma4;tolerant;bia_0001_205;1;6;1;7;2;34
ollama_gemma4;tolerant;bia_0001_206;1;1;1;2;2;36
ollama_gemma4;tolerant;bia_0001_207;0;2;1;2;1;25
ollama_gemma4;tolerant;bia_0001_208;0;4;2;4;2;20
ollama_gemma4;tolerant;bia_0001_209;0;4;1;4;1;20
ollama_gemma4;tolerant;bia_0001_210;0;4;1;4;1;44
ollama_gemma4;tolerant;bia_0001_211;0;2;1;2;1;20
ollama_gemma4;tolerant;bia_0001_212;1;1;0;2;1;25
ollama_gemma4;tolerant;bia_0001_213;1;3;0;4;1;58
ollama_gemma4;tolerant;bia_0001_214;1;2;0;3;1;38
ollama_gemma4;tolerant;bia_0001_215;1;1;0;2;1;19
ollama_gemma4;tolerant;bia_0001_216;0;4;1;4;1;24
ollama_gemma4;tolerant;bia_0001_217;1;1;0;2;1;39
ollama_gemma4;tolerant;bia_0001_218;1;1;0;2;1;30
ollama_gemma4;tolerant;bia_0001_219;1;1;0;2;1;20
ollama_gemma4;tolerant;bia_0001_220;1;1;1;2;2;32
ollama_gemma4;tolerant;bia_0001_221;1;1;1;2;2;18
ollama_gemma4;tolerant;bia_0001_222;0;2;2;2;2;22
ollama_gemma4;tolerant;bia_0001_223;0;2;1;2;1;29
ollama_gemma4;tolerant;bia_0001_224;0;2;1;2;1;25
ollama_gemma4;tolerant;bia_0001_225;0;1;2;1;2;40
ollama_gemma4;tolerant;bia_0001_226;1;1;0;2;1;32
ollama_gemma4;tolerant;bia_0001_227;0;5;2;5;2;50
ollama_gemma4;tolerant;bia_0001_228;1;0;1;1;2;16
ollama_gemma4;tolerant;bia_0001_229;1;1;0;2;1;36
ollama_gemma4;tolerant;bia_0001_230;0;3;2;3;2;31
ollama_gemma4;tolerant;bia_0001_231;1;2;0;3;1;42
ollama_gemma4;tolerant;bia_0001_232;1;3;1;4;2;21
ollama_gemma4;tolerant;bia_0001_233;1;1;0;2;1;13
ollama_gemma4;tolerant;bia_0001_234;0;2;2;2;2;54
ollama_gemma4;tolerant;bia_0001_235;1;1;1;2;2;26
ollama_gemma4;tolerant;bia_0001_236;0;1;1;1;1;25
ollama_gemma4;tolerant;bia_0001_237;1;0;2;1;3;16
ollama_gemma4;tolerant;bia_0001_238;0;3;2;3;2;32
ollama_gemma4;tolerant;bia_0001_239;1;2;0;3;1;17
ollama_gemma4;tolerant;bia_0001_240;0;4;1;4;1;30
ollama_gemma4;tolerant;bia_0001_241;1;2;0;3;1;24
ollama_gemma4;tolerant;bia_0001_242;0;2;1;2;1;34
ollama_gemma4;tolerant;bia_0001_243;0;2;2;2;2;27
ollama_gemma4;tolerant;bia_0001_244;0;2;1;2;1;24
ollama_gemma4;tolerant;bia_0001_245;0;3;1;3;1;26
ollama_gemma4;tolerant;bia_0001_246;1;2;1;3;2;38
ollama_gemma4;tolerant;bia_0001_247;1;3;0;4;1;28
ollama_gemma4;tolerant;bia_0001_248;1;2;0;3;1;29
ollama_gemma4;tolerant;bia_0001_249;1;2;2;3;3;40
ollama_gemma4;tolerant;bia_0001_250;1;2;0;3;1;29
ollama_gemma4;tolerant;bia_0001_251;0;2;1;2;1;28
ollama_gemma4;tolerant;bia_0001_252;1;1;1;2;2;18
ollama_gemma4;tolerant;bia_0001_253;1;4;2;5;3;43
ollama_gemma4;tolerant;bia_0001_254;1;3;1;4;2;35
ollama_gemma4;tolerant;bia_0001_255;0;3;2;3;2;20
ollama_gemma4;tolerant;bia_0001_256;0;2;1;2;1;17
ollama_gemma4;tolerant;bia_0001_257;1;0;0;1;1;10
ollama_gemma4;tolerant;bia_0001_258;1;3;0;4;1;44
ollama_gemma4;tolerant;bia_0001_259;1;1;0;2;1;19
ollama_gemma4;tolerant;bia_0001_260;1;2;1;3;2;29
ollama_gemma4;tolerant;bia_0001_261;1;1;0;2;1;33
ollama_gemma4;bia_legacy;bia_0001_00;1;0;1;1;2;19
ollama_gemma4;bia_legacy;bia_0001_01;1;4;0;5;1;26
ollama_gemma4;bia_legacy;bia_0001_02;1;1;1;2;2;33
ollama_gemma4;bia_legacy;bia_0001_03;0;2;1;2;1;18
ollama_gemma4;bia_legacy;bia_0001_04;1;9;2;10;3;58
ollama_gemma4;bia_legacy;bia_0001_05;1;1;0;2;1;28
ollama_gemma4;bia_legacy;bia_0001_06;1;1;0;2;1;37
ollama_gemma4;bia_legacy;bia_0001_07;1;1;0;2;1;27
ollama_gemma4;bia_legacy;bia_0001_08;1;2;1;3;2;27
ollama_gemma4;bia_legacy;bia_0001_09;0;2;1;2;1;22
ollama_gemma4;bia_legacy;bia_0001_10;3;0;2;3;5;28
ollama_gemma4;bia_legacy;bia_0001_11;2;4;0;6;2;39
ollama_gemma4;bia_legacy;bia_0001_12;1;2;0;3;1;33
ollama_gemma4;bia_legacy;bia_0001_13;0;1;1;1;1;44
ollama_gemma4;bia_legacy;bia_0001_14;1;3;0;4;1;26
ollama_gemma4;bia_legacy;bia_0001_15;0;2;2;2;2;20
ollama_gemma4;bia_legacy;bia_0001_16;1;1;3;2;4;47
ollama_gemma4;bia_legacy;bia_0001_17;2;0;1;2;3;24
ollama_gemma4;bia_legacy;bia_0001_18;1;2;1;3;2;54
ollama_gemma4;bia_legacy;bia_0001_19;1;3;0;4;1;52
ollama_gemma4;bia_legacy;bia_0001_20;1;2;1;3;2;48
ollama_gemma4;bia_legacy;bia_0001_21;1;1;2;2;3;23
ollama_gemma4;bia_legacy;bia_0001_22;1;2;1;3;2;25
ollama_gemma4;bia_legacy;bia_0001_23;2;2;1;4;3;46
ollama_gemma4;bia_legacy;bia_0001_24;1;2;0;3;1;36
ollama_gemma4;bia_legacy;bia_0001_25;1;1;2;2;3;52
ollama_gemma4;bia_legacy;bia_0001_26;1;4;0;5;1;45
ollama_gemma4;bia_legacy;bia_0001_27;1;2;0;3;1;44
ollama_gemma4;bia_legacy;bia_0001_28;2;0;0;2;2;38
ollama_gemma4;bia_legacy;bia_0001_29;0;3;1;3;1;24
ollama_gemma4;bia_legacy;bia_0001_30;0;2;1;2;1;20
ollama_gemma4;bia_legacy;bia_0001_31;1;1;1;2;2;24
ollama_gemma4;bia_legacy;bia_0001_32;0;1;1;1;1;18
ollama_gemma4;bia_legacy;bia_0001_33;0;2;1;2;1;33
ollama_gemma4;bia_legacy;bia_0001_34;1;2;0;3;1;27
ollama_gemma4;bia_legacy;bia_0001_35;1;0;0;1;1;21
ollama_gemma4;bia_legacy;bia_0001_36;1;5;0;6;1;68
ollama_gemma4;bia_legacy;bia_0001_37;1;2;1;3;2;22
ollama_gemma4;bia_legacy;bia_0001_38;1;2;1;3;2;27
ollama_gemma4;bia_legacy;bia_0001_39;1;0;3;1;4;32
ollama_gemma4;bia_legacy;bia_0001_40;1;3;0;4;1;39
ollama_gemma4;bia_legacy;bia_0001_41;1;1;0;2;1;17
ollama_gemma4;bia_legacy;bia_0001_42;1;2;0;3;1;32
ollama_gemma4;bia_legacy;bia_0001_43;2;1;0;3;2;52
ollama_gemma4;bia_legacy;bia_0001_44;0;6;1;6;1;47
ollama_gemma4;bia_legacy;bia_0001_45;1;3;1;4;2;67
ollama_gemma4;bia_legacy;bia_0001_46;1;1;1;2;2;21
ollama_gemma4;bia_legacy;bia_0001_47;1;2;1;3;2;30
ollama_gemma4;bia_legacy;bia_0001_48;1;2;1;3;2;42
ollama_gemma4;bia_legacy;bia_0001_49;2;2;1;4;3;49
ollama_gemma4;bia_legacy;bia_0001_50;1;1;0;2;1;18
ollama_gemma4;bia_legacy;bia_0001_51;0;5;1;5;1;71
ollama_gemma4;bia_legacy;bia_0001_52;1;4;2;5;3;46
ollama_gemma4;bia_legacy;bia_0001_53;0;1;1;1;1;20
ollama_gemma4;bia_legacy;bia_0001_54;1;1;0;2;1;19
ollama_gemma4;bia_legacy;bia_0001_55;1;0;1;1;2;12
ollama_gemma4;bia_legacy;bia_0001_56;1;3;0;4;1;37
ollama_gemma4;bia_legacy;bia_0001_57;0;2;1;2;1;18
ollama_gemma4;bia_legacy;bia_0001_58;1;5;0;6;1;49
ollama_gemma4;bia_legacy;bia_0001_59;0;3;1;3;1;22
ollama_gemma4;bia_legacy;bia_0001_60;1;6;1;7;2;44
ollama_gemma4;bia_legacy;bia_0001_61;1;1;1;2;2;22
ollama_gemma4;bia_legacy;bia_0001_62;1;1;0;2;1;26
ollama_gemma4;bia_legacy;bia_0001_63;1;4;0;5;1;26
ollama_gemma4;bia_legacy;bia_0001_64;1;1;0;2;1;19
ollama_gemma4;bia_legacy;bia_0001_65;1;2;2;3;3;42
ollama_gemma4;bia_legacy;bia_0001_66;1;1;0;2;1;15
ollama_gemma4;bia_legacy;bia_0001_67;1;0;0;1;1;6
ollama_gemma4;bia_legacy;bia_0001_68;1;0;0;1;1;9
ollama_gemma4;bia_legacy;bia_0001_69;1;5;1;6;2;26
ollama_gemma4;bia_legacy;bia_0001_70;1;1;1;2;2;14
ollama_gemma4;bia_legacy;bia_0001_71;2;2;0;4;2;32
ollama_gemma4;bia_legacy;bia_0001_72;1;2;0;3;1;41
ollama_gemma4;bia_legacy;bia_0001_73;1;1;1;2;2;17
ollama_gemma4;bia_legacy;bia_0001_74;0;2;1;2;1;13
ollama_gemma4;bia_legacy;bia_0001_75;1;1;0;2;1;35
ollama_gemma4;bia_legacy;bia_0001_76;2;1;1;3;3;33
ollama_gemma4;bia_legacy;bia_0001_77;1;1;0;2;1;31
ollama_gemma4;bia_legacy;bia_0001_78;0;1;1;1;1;24
ollama_gemma4;bia_legacy;bia_0001_79;2;1;1;3;3;33
ollama_gemma4;bia_legacy;bia_0001_80;1;1;0;2;1;20
ollama_gemma4;bia_legacy;bia_0001_81;0;1;1;1;1;12
ollama_gemma4;bia_legacy;bia_0001_82;1;3;1;4;2;39
ollama_gemma4;bia_legacy;bia_0001_83;1;1;0;2;1;20
ollama_gemma4;bia_legacy;bia_0001_84;1;1;1;2;2;19
ollama_gemma4;bia_legacy;bia_0001_85;0;2;1;2;1;30
ollama_gemma4;bia_legacy;bia_0001_86;1;0;1;1;2;18
ollama_gemma4;bia_legacy;bia_0001_87;2;3;1;5;3;54
ollama_gemma4;bia_legacy;bia_0001_88;0;2;2;2;2;20
ollama_gemma4;bia_legacy;bia_0001_89;2;1;0;3;2;44
ollama_gemma4;bia_legacy;bia_0001_90;2;1;0;3;2;44
ollama_gemma4;bia_legacy;bia_0001_91;0;0;2;0;2;22
ollama_gemma4;bia_legacy;bia_0001_92;1;1;0;2;1;18
ollama_gemma4;bia_legacy;bia_0001_93;1;1;1;2;2;23
ollama_gemma4;bia_legacy;bia_0001_94;1;0;2;1;3;20
ollama_gemma4;bia_legacy;bia_0001_95;1;3;1;4;2;15
ollama_gemma4;bia_legacy;bia_0001_96;2;0;2;2;4;17
ollama_gemma4;bia_legacy;bia_0001_97;1;1;0;2;1;31
ollama_gemma4;bia_legacy;bia_0001_98;1;1;0;2;1;15
ollama_gemma4;bia_legacy;bia_0001_99;1;2;1;3;2;30
ollama_gemma4;bia_legacy;bia_0001_100;1;2;0;3;1;38
ollama_gemma4;bia_legacy;bia_0001_101;0;2;1;2;1;35
ollama_gemma4;bia_legacy;bia_0001_102;1;2;0;3;1;52
ollama_gemma4;bia_legacy;bia_0001_103;1;2;1;3;2;41
ollama_gemma4;bia_legacy;bia_0001_104;0;3;2;3;2;48
ollama_gemma4;bia_legacy;bia_0001_105;1;1;0;2;1;10
ollama_gemma4;bia_legacy;bia_0001_106;0;3;1;3;1;42
ollama_gemma4;bia_legacy;bia_0001_107;1;0;0;1;1;20
ollama_gemma4;bia_legacy;bia_0001_108;1;1;0;2;1;37
ollama_gemma4;bia_legacy;bia_0001_109;2;2;0;4;2;39
ollama_gemma4;bia_legacy;bia_0001_110;1;0;0;1;1;66
ollama_gemma4;bia_legacy;bia_0001_111;2;3;1;5;3;66
ollama_gemma4;bia_legacy;bia_0001_112;1;0;1;1;2;11
ollama_gemma4;bia_legacy;bia_0001_113;1;4;2;5;3;44
ollama_gemma4;bia_legacy;bia_0001_114;1;7;1;8;2;53
ollama_gemma4;bia_legacy;bia_0001_115;1;3;0;4;1;39
ollama_gemma4;bia_legacy;bia_0001_116;1;1;1;2;2;25
ollama_gemma4;bia_legacy;bia_0001_117;4;0;0;4;4;42
ollama_gemma4;bia_legacy;bia_0001_118;1;0;0;1;1;15
ollama_gemma4;bia_legacy;bia_0001_119;3;0;6;3;9;61
ollama_gemma4;bia_legacy;bia_0001_120;0;8;1;8;1;56
ollama_gemma4;bia_legacy;bia_0001_121;1;1;1;2;2;19
ollama_gemma4;bia_legacy;bia_0001_122;0;6;1;6;1;53
ollama_gemma4;bia_legacy;bia_0001_123;1;1;1;2;2;34
ollama_gemma4;bia_legacy;bia_0001_124;0;3;2;3;2;52
ollama_gemma4;bia_legacy;bia_0001_125;1;2;3;3;4;39
ollama_gemma4;bia_legacy;bia_0001_126;1;2;1;3;2;34
ollama_gemma4;bia_legacy;bia_0001_127;1;1;0;2;1;22
ollama_gemma4;bia_legacy;bia_0001_128;1;2;0;3;1;43
ollama_gemma4;bia_legacy;bia_0001_129;1;0;0;1;1;15
ollama_gemma4;bia_legacy;bia_0001_130;1;0;1;1;2;15
ollama_gemma4;bia_legacy;bia_0001_131;1;1;0;2;1;24
ollama_gemma4;bia_legacy;bia_0001_132;1;1;1;2;2;33
ollama_gemma4;bia_legacy;bia_0001_133;1;0;1;1;2;15
ollama_gemma4;bia_legacy;bia_0001_134;1;5;3;6;4;56
ollama_gemma4;bia_legacy;bia_0001_135;1;1;0;2;1;31
ollama_gemma4;bia_legacy;bia_0001_136;0;1;1;1;1;19
ollama_gemma4;bia_legacy;bia_0001_137;2;0;0;2;2;30
ollama_gemma4;bia_legacy;bia_0001_138;1;4;1;5;2;54
ollama_gemma4;bia_legacy;bia_0001_139;1;1;0;2;1;21
ollama_gemma4;bia_legacy;bia_0001_140;1;0;0;1;1;15
ollama_gemma4;bia_legacy;bia_0001_141;1;0;0;1;1;21
ollama_gemma4;bia_legacy;bia_0001_142;1;8;0;9;1;50
ollama_gemma4;bia_legacy;bia_0001_143;1;3;0;4;1;53
ollama_gemma4;bia_legacy;bia_0001_144;1;2;0;3;1;34
ollama_gemma4;bia_legacy;bia_0001_145;1;0;1;1;2;16
ollama_gemma4;bia_legacy;bia_0001_146;3;0;0;3;3;48
ollama_gemma4;bia_legacy;bia_0001_147;1;2;1;3;2;51
ollama_gemma4;bia_legacy;bia_0001_148;1;1;0;2;1;12
ollama_gemma4;bia_legacy;bia_0001_149;1;1;2;2;3;35
ollama_gemma4;bia_legacy;bia_0001_150;1;1;0;2;1;18
ollama_gemma4;bia_legacy;bia_0001_151;1;2;0;3;1;41
ollama_gemma4;bia_legacy;bia_0001_152;0;2;1;2;1;36
ollama_gemma4;bia_legacy;bia_0001_153;1;2;1;3;2;44
ollama_gemma4;bia_legacy;bia_0001_154;1;2;0;3;1;38
ollama_gemma4;bia_legacy;bia_0001_155;1;0;0;1;1;22
ollama_gemma4;bia_legacy;bia_0001_156;1;2;0;3;1;34
ollama_gemma4;bia_legacy;bia_0001_157;1;3;0;4;1;31
ollama_gemma4;bia_legacy;bia_0001_158;1;3;2;4;3;26
ollama_gemma4;bia_legacy;bia_0001_159;1;1;0;2;1;25
ollama_gemma4;bia_legacy;bia_0001_160;1;1;0;2;1;24
ollama_gemma4;bia_legacy;bia_0001_161;1;0;1;1;2;11
ollama_gemma4;bia_legacy;bia_0001_162;1;1;0;2;1;35
ollama_gemma4;bia_legacy;bia_0001_163;1;2;0;3;1;32
ollama_gemma4;bia_legacy;bia_0001_164;2;0;1;2;3;23
ollama_gemma4;bia_legacy;bia_0001_165;1;0;1;1;2;22
ollama_gemma4;bia_legacy;bia_0001_166;1;1;1;2;2;41
ollama_gemma4;bia_legacy;bia_0001_167;1;2;0;3;1;71
ollama_gemma4;bia_legacy;bia_0001_168;2;1;0;3;2;28
ollama_gemma4;bia_legacy;bia_0001_169;1;0;1;1;2;30
ollama_gemma4;bia_legacy;bia_0001_170;1;6;0;7;1;66
ollama_gemma4;bia_legacy;bia_0001_171;1;1;1;2;2;32
ollama_gemma4;bia_legacy;bia_0001_172;0;3;1;3;1;35
ollama_gemma4;bia_legacy;bia_0001_173;1;1;0;2;1;21
ollama_gemma4;bia_legacy;bia_0001_174;1;1;0;2;1;19
ollama_gemma4;bia_legacy;bia_0001_175;1;1;2;2;3;26
ollama_gemma4;bia_legacy;bia_0001_176;1;1;0;2;1;23
ollama_gemma4;bia_legacy;bia_0001_177;1;1;0;2;1;16
ollama_gemma4;bia_legacy;bia_0001_178;1;3;0;4;1;36
ollama_gemma4;bia_legacy;bia_0001_179;1;13;1;14;2;44
ollama_gemma4;bia_legacy;bia_0001_180;1;2;0;3;1;21
ollama_gemma4;bia_legacy;bia_0001_181;1;1;0;2;1;16
ollama_gemma4;bia_legacy;bia_0001_182;0;5;1;5;1;49
ollama_gemma4;bia_legacy;bia_0001_183;2;2;0;4;2;39
ollama_gemma4;bia_legacy;bia_0001_184;1;2;0;3;1;20
ollama_gemma4;bia_legacy;bia_0001_185;1;0;0;1;1;10
ollama_gemma4;bia_legacy;bia_0001_186;1;0;0;1;1;22
ollama_gemma4;bia_legacy;bia_0001_187;0;2;2;2;2;34
ollama_gemma4;bia_legacy;bia_0001_188;1;1;0;2;1;35
ollama_gemma4;bia_legacy;bia_0001_189;1;4;1;5;2;54
ollama_gemma4;bia_legacy;bia_0001_190;1;1;0;2;1;36
ollama_gemma4;bia_legacy;bia_0001_191;1;1;0;2;1;17
ollama_gemma4;bia_legacy;bia_0001_192;0;1;1;1;1;11
ollama_gemma4;bia_legacy;bia_0001_193;1;2;1;3;2;30
ollama_gemma4;bia_legacy;bia_0001_194;1;0;1;1;2;10
ollama_gemma4;bia_legacy;bia_0001_195;1;6;1;7;2;57
ollama_gemma4;bia_legacy;bia_0001_196;1;1;1;2;2;16
ollama_gemma4;bia_legacy;bia_0001_197;1;2;0;3;1;32
ollama_gemma4;bia_legacy;bia_0001_198;1;0;1;1;2;23
ollama_gemma4;bia_legacy;bia_0001_199;0;3;1;3;1;37
ollama_gemma4;bia_legacy;bia_0001_200;0;3;1;3;1;33
ollama_gemma4;bia_legacy;bia_0001_201;1;2;2;3;3;24
ollama_gemma4;bia_legacy;bia_0001_202;1;4;0;5;1;36
ollama_gemma4;bia_legacy;bia_0001_203;1;1;0;2;1;14
ollama_gemma4;bia_legacy;bia_0001_204;2;3;1;5;3;63
ollama_gemma4;bia_legacy;bia_0001_205;1;6;1;7;2;34
ollama_gemma4;bia_legacy;bia_0001_206;1;1;1;2;2;36
ollama_gemma4;bia_legacy;bia_0001_207;1;1;0;2;1;25
ollama_gemma4;bia_legacy;bia_0001_208;1;3;1;4;2;20
ollama_gemma4;bia_legacy;bia_0001_209;0;4;1;4;1;20
ollama_gemma4;bia_legacy;bia_0001_210;0;4;1;4;1;44
ollama_gemma4;bia_legacy;bia_0001_211;1;1;0;2;1;20
ollama_gemma4;bia_legacy;bia_0001_212;1;1;0;2;1;25
ollama_gemma4;bia_legacy;bia_0001_213;1;3;0;4;1;58
ollama_gemma4;bia_legacy;bia_0001_214;1;2;0;3;1;38
ollama_gemma4;bia_legacy;bia_0001_215;1;1;0;2;1;19
ollama_gemma4;bia_legacy;bia_0001_216;0;4;1;4;1;24
ollama_gemma4;bia_legacy;bia_0001_217;1;1;0;2;1;39
ollama_gemma4;bia_legacy;bia_0001_218;1;1;0;2;1;30
ollama_gemma4;bia_legacy;bia_0001_219;1;1;0;2;1;20
ollama_gemma4;bia_legacy;bia_0001_220;1;1;1;2;2;32
ollama_gemma4;bia_legacy;bia_0001_221;1;1;1;2;2;18
ollama_gemma4;bia_legacy;bia_0001_222;1;1;1;2;2;22
ollama_gemma4;bia_legacy;bia_0001_223;0;2;1;2;1;29
ollama_gemma4;bia_legacy;bia_0001_224;0;2;1;2;1;25
ollama_gemma4;bia_legacy;bia_0001_225;1;0;1;1;2;40
ollama_gemma4;bia_legacy;bia_0001_226;1;1;0;2;1;32
ollama_gemma4;bia_legacy;bia_0001_227;1;4;1;5;2;50
ollama_gemma4;bia_legacy;bia_0001_228;1;0;1;1;2;16
ollama_gemma4;bia_legacy;bia_0001_229;1;1;0;2;1;36
ollama_gemma4;bia_legacy;bia_0001_230;1;2;1;3;2;31
ollama_gemma4;bia_legacy;bia_0001_231;1;2;0;3;1;42
ollama_gemma4;bia_legacy;bia_0001_232;1;3;1;4;2;21
ollama_gemma4;bia_legacy;bia_0001_233;1;1;0;2;1;13
ollama_gemma4;bia_legacy;bia_0001_234;0;2;2;2;2;54
ollama_gemma4;bia_legacy;bia_0001_235;2;0;0;2;2;26
ollama_gemma4;bia_legacy;bia_0001_236;1;0;0;1;1;25
ollama_gemma4;bia_legacy;bia_0001_237;1;0;2;1;3;16
ollama_gemma4;bia_legacy;bia_0001_238;1;2;1;3;2;32
ollama_gemma4;bia_legacy;bia_0001_239;1;2;0;3;1;17
ollama_gemma4;bia_legacy;bia_0001_240;0;4;1;4;1;30
ollama_gemma4;bia_legacy;bia_0001_241;1;2;0;3;1;24
ollama_gemma4;bia_legacy;bia_0001_242;1;1;0;2;1;34
ollama_gemma4;bia_legacy;bia_0001_243;1;1;1;2;2;27
ollama_gemma4;bia_legacy;bia_0001_244;1;1;0;2;1;24
ollama_gemma4;bia_legacy;bia_0001_245;0;3;1;3;1;26
ollama_gemma4;bia_legacy;bia_0001_246;1;2;1;3;2;38
ollama_gemma4;bia_legacy;bia_0001_247;1;3;0;4;1;28
ollama_gemma4;bia_legacy;bia_0001_248;1;2;0;3;1;29
ollama_gemma4;bia_legacy;bia_0001_249;1;2;2;3;3;40
ollama_gemma4;bia_legacy;bia_0001_250;1;2;0;3;1;29
ollama_gemma4;bia_legacy;bia_0001_251;1;1;0;2;1;28
ollama_gemma4;bia_legacy;bia_0001_252;1;1;1;2;2;18
ollama_gemma4;bia_legacy;bia_0001_253;3;2;0;5;3;43
ollama_gemma4;bia_legacy;bia_0001_254;1;3;1;4;2;35
ollama_gemma4;bia_legacy;bia_0001_255;1;2;1;3;2;20
ollama_gemma4;bia_legacy;bia_0001_256;0;2;1;2;1;17
ollama_gemma4;bia_legacy;bia_0001_257;1;0;0;1;1;10
ollama_gemma4;bia_legacy;bia_0001_258;1;3;0;4;1;44
ollama_gemma4;bia_legacy;bia_0001_259;1;1;0;2;1;19
ollama_gemma4;bia_legacy;bia_0001_260;1;2;1;3;2;29
ollama_gemma4;bia_legacy;bia_0001_261;1;1;0;2;1;33
ollama_gemma4;carb_style;bia_0001_00;1;0;1;1;2;19
ollama_gemma4;carb_style;bia_0001_01;1;4;0;5;1;26
ollama_gemma4;carb_style;bia_0001_02;1;1;1;2;2;33
ollama_gemma4;carb_style;bia_0001_03;1;1;0;2;1;18
ollama_gemma4;carb_style;bia_0001_04;1;9;2;10;3;58
ollama_gemma4;carb_style;bia_0001_05;1;1;0;2;1;28
ollama_gemma4;carb_style;bia_0001_06;1;1;0;2;1;37
ollama_gemma4;carb_style;bia_0001_07;1;1;0;2;1;27
ollama_gemma4;carb_style;bia_0001_08;2;1;0;3;2;27
ollama_gemma4;carb_style;bia_0001_09;1;1;0;2;1;22
ollama_gemma4;carb_style;bia_0001_10;3;0;2;3;5;28
ollama_gemma4;carb_style;bia_0001_11;2;4;0;6;2;39
ollama_gemma4;carb_style;bia_0001_12;1;2;0;3;1;33
ollama_gemma4;carb_style;bia_0001_13;0;1;1;1;1;44
ollama_gemma4;carb_style;bia_0001_14;1;3;0;4;1;26
ollama_gemma4;carb_style;bia_0001_15;1;1;1;2;2;20
ollama_gemma4;carb_style;bia_0001_16;1;1;3;2;4;47
ollama_gemma4;carb_style;bia_0001_17;2;0;1;2;3;24
ollama_gemma4;carb_style;bia_0001_18;1;2;1;3;2;54
ollama_gemma4;carb_style;bia_0001_19;1;3;0;4;1;52
ollama_gemma4;carb_style;bia_0001_20;1;2;1;3;2;48
ollama_gemma4;carb_style;bia_0001_21;1;1;2;2;3;23
ollama_gemma4;carb_style;bia_0001_22;1;2;1;3;2;25
ollama_gemma4;carb_style;bia_0001_23;2;2;1;4;3;46
ollama_gemma4;carb_style;bia_0001_24;1;2;0;3;1;36
ollama_gemma4;carb_style;bia_0001_25;1;1;2;2;3;52
ollama_gemma4;carb_style;bia_0001_26;1;4;0;5;1;45
ollama_gemma4;carb_style;bia_0001_27;1;2;0;3;1;44
ollama_gemma4;carb_style;bia_0001_28;2;0;0;2;2;38
ollama_gemma4;carb_style;bia_0001_29;0;3;1;3;1;24
ollama_gemma4;carb_style;bia_0001_30;0;2;1;2;1;20
ollama_gemma4;carb_style;bia_0001_31;1;1;1;2;2;24
ollama_gemma4;carb_style;bia_0001_32;0;1;1;1;1;18
ollama_gemma4;carb_style;bia_0001_33;0;2;1;2;1;33
ollama_gemma4;carb_style;bia_0001_34;1;2;0;3;1;27
ollama_gemma4;carb_style;bia_0001_35;1;0;0;1;1;21
ollama_gemma4;carb_style;bia_0001_36;1;5;0;6;1;68
ollama_gemma4;carb_style;bia_0001_37;1;2;1;3;2;22
ollama_gemma4;carb_style;bia_0001_38;2;1;0;3;2;27
ollama_gemma4;carb_style;bia_0001_39;1;0;3;1;4;32
ollama_gemma4;carb_style;bia_0001_40;1;3;0;4;1;39
ollama_gemma4;carb_style;bia_0001_41;1;1;0;2;1;17
ollama_gemma4;carb_style;bia_0001_42;1;2;0;3;1;32
ollama_gemma4;carb_style;bia_0001_43;2;1;0;3;2;52
ollama_gemma4;carb_style;bia_0001_44;0;6;1;6;1;47
ollama_gemma4;carb_style;bia_0001_45;1;3;1;4;2;67
ollama_gemma4;carb_style;bia_0001_46;1;1;1;2;2;21
ollama_gemma4;carb_style;bia_0001_47;1;2;1;3;2;30
ollama_gemma4;carb_style;bia_0001_48;1;2;1;3;2;42
ollama_gemma4;carb_style;bia_0001_49;2;2;1;4;3;49
ollama_gemma4;carb_style;bia_0001_50;1;1;0;2;1;18
ollama_gemma4;carb_style;bia_0001_51;1;4;0;5;1;71
ollama_gemma4;carb_style;bia_0001_52;2;3;1;5;3;46
ollama_gemma4;carb_style;bia_0001_53;1;0;0;1;1;20
ollama_gemma4;carb_style;bia_0001_54;1;1;0;2;1;19
ollama_gemma4;carb_style;bia_0001_55;1;0;1;1;2;12
ollama_gemma4;carb_style;bia_0001_56;1;3;0;4;1;37
ollama_gemma4;carb_style;bia_0001_57;1;1;0;2;1;18
ollama_gemma4;carb_style;bia_0001_58;1;5;0;6;1;49
ollama_gemma4;carb_style;bia_0001_59;0;3;1;3;1;22
ollama_gemma4;carb_style;bia_0001_60;1;6;1;7;2;44
ollama_gemma4;carb_style;bia_0001_61;1;1;1;2;2;22
ollama_gemma4;carb_style;bia_0001_62;1;1;0;2;1;26
ollama_gemma4;carb_style;bia_0001_63;1;4;0;5;1;26
ollama_gemma4;carb_style;bia_0001_64;1;1;0;2;1;19
ollama_gemma4;carb_style;bia_0001_65;1;2;2;3;3;42
ollama_gemma4;carb_style;bia_0001_66;1;1;0;2;1;15
ollama_gemma4;carb_style;bia_0001_67;1;0;0;1;1;6
ollama_gemma4;carb_style;bia_0001_68;1;0;0;1;1;9
ollama_gemma4;carb_style;bia_0001_69;1;5;1;6;2;26
ollama_gemma4;carb_style;bia_0001_70;1;1;1;2;2;14
ollama_gemma4;carb_style;bia_0001_71;2;2;0;4;2;32
ollama_gemma4;carb_style;bia_0001_72;1;2;0;3;1;41
ollama_gemma4;carb_style;bia_0001_73;1;1;1;2;2;17
ollama_gemma4;carb_style;bia_0001_74;1;1;0;2;1;13
ollama_gemma4;carb_style;bia_0001_75;1;1;0;2;1;35
ollama_gemma4;carb_style;bia_0001_76;2;1;1;3;3;33
ollama_gemma4;carb_style;bia_0001_77;1;1;0;2;1;31
ollama_gemma4;carb_style;bia_0001_78;0;1;1;1;1;24
ollama_gemma4;carb_style;bia_0001_79;2;1;1;3;3;33
ollama_gemma4;carb_style;bia_0001_80;1;1;0;2;1;20
ollama_gemma4;carb_style;bia_0001_81;1;0;0;1;1;12
ollama_gemma4;carb_style;bia_0001_82;1;3;1;4;2;39
ollama_gemma4;carb_style;bia_0001_83;1;1;0;2;1;20
ollama_gemma4;carb_style;bia_0001_84;1;1;1;2;2;19
ollama_gemma4;carb_style;bia_0001_85;0;2;1;2;1;30
ollama_gemma4;carb_style;bia_0001_86;1;0;1;1;2;18
ollama_gemma4;carb_style;bia_0001_87;2;3;1;5;3;54
ollama_gemma4;carb_style;bia_0001_88;0;2;2;2;2;20
ollama_gemma4;carb_style;bia_0001_89;2;1;0;3;2;44
ollama_gemma4;carb_style;bia_0001_90;2;1;0;3;2;44
ollama_gemma4;carb_style;bia_0001_91;0;0;2;0;2;22
ollama_gemma4;carb_style;bia_0001_92;1;1;0;2;1;18
ollama_gemma4;carb_style;bia_0001_93;1;1;1;2;2;23
ollama_gemma4;carb_style;bia_0001_94;1;0;2;1;3;20
ollama_gemma4;carb_style;bia_0001_95;1;3;1;4;2;15
ollama_gemma4;carb_style;bia_0001_96;2;0;2;2;4;17
ollama_gemma4;carb_style;bia_0001_97;1;1;0;2;1;31
ollama_gemma4;carb_style;bia_0001_98;1;1;0;2;1;15
ollama_gemma4;carb_style;bia_0001_99;1;2;1;3;2;30
ollama_gemma4;carb_style;bia_0001_100;1;2;0;3;1;38
ollama_gemma4;carb_style;bia_0001_101;0;2;1;2;1;35
ollama_gemma4;carb_style;bia_0001_102;1;2;0;3;1;52
ollama_gemma4;carb_style;bia_0001_103;1;2;1;3;2;41
ollama_gemma4;carb_style;bia_0001_104;1;2;1;3;2;48
ollama_gemma4;carb_style;bia_0001_105;1;1;0;2;1;10
ollama_gemma4;carb_style;bia_0001_106;0;3;1;3;1;42
ollama_gemma4;carb_style;bia_0001_107;1;0;0;1;1;20
ollama_gemma4;carb_style;bia_0001_108;1;1;0;2;1;37
ollama_gemma4;carb_style;bia_0001_109;2;2;0;4;2;39
ollama_gemma4;carb_style;bia_0001_110;1;0;0;1;1;66
ollama_gemma4;carb_style;bia_0001_111;2;3;1;5;3;66
ollama_gemma4;carb_style;bia_0001_112;1;0;1;1;2;11
ollama_gemma4;carb_style;bia_0001_113;2;3;1;5;3;44
ollama_gemma4;carb_style;bia_0001_114;2;6;0;8;2;53
ollama_gemma4;carb_style;bia_0001_115;1;3;0;4;1;39
ollama_gemma4;carb_style;bia_0001_116;2;0;0;2;2;25
ollama_gemma4;carb_style;bia_0001_117;4;0;0;4;4;42
ollama_gemma4;carb_style;bia_0001_118;1;0;0;1;1;15
ollama_gemma4;carb_style;bia_0001_119;3;0;6;3;9;61
ollama_gemma4;carb_style;bia_0001_120;1;7;0;8;1;56
ollama_gemma4;carb_style;bia_0001_121;1;1;1;2;2;19
ollama_gemma4;carb_style;bia_0001_122;0;6;1;6;1;53
ollama_gemma4;carb_style;bia_0001_123;1;1;1;2;2;34
ollama_gemma4;carb_style;bia_0001_124;0;3;2;3;2;52
ollama_gemma4;carb_style;bia_0001_125;1;2;3;3;4;39
ollama_gemma4;carb_style;bia_0001_126;1;2;1;3;2;34
ollama_gemma4;carb_style;bia_0001_127;1;1;0;2;1;22
ollama_gemma4;carb_style;bia_0001_128;1;2;0;3;1;43
ollama_gemma4;carb_style;bia_0001_129;1;0;0;1;1;15
ollama_gemma4;carb_style;bia_0001_130;1;0;1;1;2;15
ollama_gemma4;carb_style;bia_0001_131;1;1;0;2;1;24
ollama_gemma4;carb_style;bia_0001_132;1;1;1;2;2;33
ollama_gemma4;carb_style;bia_0001_133;1;0;1;1;2;15
ollama_gemma4;carb_style;bia_0001_134;2;4;2;6;4;56
ollama_gemma4;carb_style;bia_0001_135;1;1;0;2;1;31
ollama_gemma4;carb_style;bia_0001_136;1;0;0;1;1;19
ollama_gemma4;carb_style;bia_0001_137;2;0;0;2;2;30
ollama_gemma4;carb_style;bia_0001_138;1;4;1;5;2;54
ollama_gemma4;carb_style;bia_0001_139;1;1;0;2;1;21
ollama_gemma4;carb_style;bia_0001_140;1;0;0;1;1;15
ollama_gemma4;carb_style;bia_0001_141;1;0;0;1;1;21
ollama_gemma4;carb_style;bia_0001_142;1;8;0;9;1;50
ollama_gemma4;carb_style;bia_0001_143;1;3;0;4;1;53
ollama_gemma4;carb_style;bia_0001_144;1;2;0;3;1;34
ollama_gemma4;carb_style;bia_0001_145;1;0;1;1;2;16
ollama_gemma4;carb_style;bia_0001_146;3;0;0;3;3;48
ollama_gemma4;carb_style;bia_0001_147;1;2;1;3;2;51
ollama_gemma4;carb_style;bia_0001_148;1;1;0;2;1;12
ollama_gemma4;carb_style;bia_0001_149;1;1;2;2;3;35
ollama_gemma4;carb_style;bia_0001_150;1;1;0;2;1;18
ollama_gemma4;carb_style;bia_0001_151;1;2;0;3;1;41
ollama_gemma4;carb_style;bia_0001_152;1;1;0;2;1;36
ollama_gemma4;carb_style;bia_0001_153;1;2;1;3;2;44
ollama_gemma4;carb_style;bia_0001_154;1;2;0;3;1;38
ollama_gemma4;carb_style;bia_0001_155;1;0;0;1;1;22
ollama_gemma4;carb_style;bia_0001_156;1;2;0;3;1;34
ollama_gemma4;carb_style;bia_0001_157;1;3;0;4;1;31
ollama_gemma4;carb_style;bia_0001_158;1;3;2;4;3;26
ollama_gemma4;carb_style;bia_0001_159;1;1;0;2;1;25
ollama_gemma4;carb_style;bia_0001_160;1;1;0;2;1;24
ollama_gemma4;carb_style;bia_0001_161;1;0;1;1;2;11
ollama_gemma4;carb_style;bia_0001_162;1;1;0;2;1;35
ollama_gemma4;carb_style;bia_0001_163;1;2;0;3;1;32
ollama_gemma4;carb_style;bia_0001_164;2;0;1;2;3;23
ollama_gemma4;carb_style;bia_0001_165;1;0;1;1;2;22
ollama_gemma4;carb_style;bia_0001_166;1;1;1;2;2;41
ollama_gemma4;carb_style;bia_0001_167;1;2;0;3;1;71
ollama_gemma4;carb_style;bia_0001_168;2;1;0;3;2;28
ollama_gemma4;carb_style;bia_0001_169;1;0;1;1;2;30
ollama_gemma4;carb_style;bia_0001_170;1;6;0;7;1;66
ollama_gemma4;carb_style;bia_0001_171;1;1;1;2;2;32
ollama_gemma4;carb_style;bia_0001_172;1;2;0;3;1;35
ollama_gemma4;carb_style;bia_0001_173;1;1;0;2;1;21
ollama_gemma4;carb_style;bia_0001_174;1;1;0;2;1;19
ollama_gemma4;carb_style;bia_0001_175;1;1;2;2;3;26
ollama_gemma4;carb_style;bia_0001_176;1;1;0;2;1;23
ollama_gemma4;carb_style;bia_0001_177;1;1;0;2;1;16
ollama_gemma4;carb_style;bia_0001_178;0;4;1;4;1;36
ollama_gemma4;carb_style;bia_0001_179;1;13;1;14;2;44
ollama_gemma4;carb_style;bia_0001_180;1;2;0;3;1;21
ollama_gemma4;carb_style;bia_0001_181;1;1;0;2;1;16
ollama_gemma4;carb_style;bia_0001_182;0;5;1;5;1;49
ollama_gemma4;carb_style;bia_0001_183;2;2;0;4;2;39
ollama_gemma4;carb_style;bia_0001_184;1;2;0;3;1;20
ollama_gemma4;carb_style;bia_0001_185;1;0;0;1;1;10
ollama_gemma4;carb_style;bia_0001_186;1;0;0;1;1;22
ollama_gemma4;carb_style;bia_0001_187;0;2;2;2;2;34
ollama_gemma4;carb_style;bia_0001_188;1;1;0;2;1;35
ollama_gemma4;carb_style;bia_0001_189;1;4;1;5;2;54
ollama_gemma4;carb_style;bia_0001_190;1;1;0;2;1;36
ollama_gemma4;carb_style;bia_0001_191;1;1;0;2;1;17
ollama_gemma4;carb_style;bia_0001_192;1;0;0;1;1;11
ollama_gemma4;carb_style;bia_0001_193;1;2;1;3;2;30
ollama_gemma4;carb_style;bia_0001_194;1;0;1;1;2;10
ollama_gemma4;carb_style;bia_0001_195;1;6;1;7;2;57
ollama_gemma4;carb_style;bia_0001_196;1;1;1;2;2;16
ollama_gemma4;carb_style;bia_0001_197;1;2;0;3;1;32
ollama_gemma4;carb_style;bia_0001_198;1;0;1;1;2;23
ollama_gemma4;carb_style;bia_0001_199;1;2;0;3;1;37
ollama_gemma4;carb_style;bia_0001_200;1;2;0;3;1;33
ollama_gemma4;carb_style;bia_0001_201;2;1;1;3;3;24
ollama_gemma4;carb_style;bia_0001_202;1;4;0;5;1;36
ollama_gemma4;carb_style;bia_0001_203;1;1;0;2;1;14
ollama_gemma4;carb_style;bia_0001_204;2;3;1;5;3;63
ollama_gemma4;carb_style;bia_0001_205;1;6;1;7;2;34
ollama_gemma4;carb_style;bia_0001_206;2;0;0;2;2;36
ollama_gemma4;carb_style;bia_0001_207;1;1;0;2;1;25
ollama_gemma4;carb_style;bia_0001_208;1;3;1;4;2;20
ollama_gemma4;carb_style;bia_0001_209;1;3;0;4;1;20
ollama_gemma4;carb_style;bia_0001_210;0;4;1;4;1;44
ollama_gemma4;carb_style;bia_0001_211;1;1;0;2;1;20
ollama_gemma4;carb_style;bia_0001_212;1;1;0;2;1;25
ollama_gemma4;carb_style;bia_0001_213;1;3;0;4;1;58
ollama_gemma4;carb_style;bia_0001_214;1;2;0;3;1;38
ollama_gemma4;carb_style;bia_0001_215;1;1;0;2;1;19
ollama_gemma4;carb_style;bia_0001_216;0;4;1;4;1;24
ollama_gemma4;carb_style;bia_0001_217;1;1;0;2;1;39
ollama_gemma4;carb_style;bia_0001_218;1;1;0;2;1;30
ollama_gemma4;carb_style;bia_0001_219;1;1;0;2;1;20
ollama_gemma4;carb_style;bia_0001_220;1;1;1;2;2;32
ollama_gemma4;carb_style;bia_0001_221;1;1;1;2;2;18
ollama_gemma4;carb_style;bia_0001_222;1;1;1;2;2;22
ollama_gemma4;carb_style;bia_0001_223;0;2;1;2;1;29
ollama_gemma4;carb_style;bia_0001_224;0;2;1;2;1;25
ollama_gemma4;carb_style;bia_0001_225;1;0;1;1;2;40
ollama_gemma4;carb_style;bia_0001_226;1;1;0;2;1;32
ollama_gemma4;carb_style;bia_0001_227;1;4;1;5;2;50
ollama_gemma4;carb_style;bia_0001_228;1;0;1;1;2;16
ollama_gemma4;carb_style;bia_0001_229;1;1;0;2;1;36
ollama_gemma4;carb_style;bia_0001_230;1;2;1;3;2;31
ollama_gemma4;carb_style;bia_0001_231;1;2;0;3;1;42
ollama_gemma4;carb_style;bia_0001_232;1;3;1;4;2;21
ollama_gemma4;carb_style;bia_0001_233;1;1;0;2;1;13
ollama_gemma4;carb_style;bia_0001_234;0;2;2;2;2;54
ollama_gemma4;carb_style;bia_0001_235;2;0;0;2;2;26
ollama_gemma4;carb_style;bia_0001_236;1;0;0;1;1;25
ollama_gemma4;carb_style;bia_0001_237;1;0;2;1;3;16
ollama_gemma4;carb_style;bia_0001_238;1;2;1;3;2;32
ollama_gemma4;carb_style;bia_0001_239;1;2;0;3;1;17
ollama_gemma4;carb_style;bia_0001_240;1;3;0;4;1;30
ollama_gemma4;carb_style;bia_0001_241;1;2;0;3;1;24
ollama_gemma4;carb_style;bia_0001_242;1;1;0;2;1;34
ollama_gemma4;carb_style;bia_0001_243;1;1;1;2;2;27
ollama_gemma4;carb_style;bia_0001_244;1;1;0;2;1;24
ollama_gemma4;carb_style;bia_0001_245;0;3;1;3;1;26
ollama_gemma4;carb_style;bia_0001_246;1;2;1;3;2;38
ollama_gemma4;carb_style;bia_0001_247;1;3;0;4;1;28
ollama_gemma4;carb_style;bia_0001_248;1;2;0;3;1;29
ollama_gemma4;carb_style;bia_0001_249;1;2;2;3;3;40
ollama_gemma4;carb_style;bia_0001_250;1;2;0;3;1;29
ollama_gemma4;carb_style;bia_0001_251;1;1;0;2;1;28
ollama_gemma4;carb_style;bia_0001_252;1;1;1;2;2;18
ollama_gemma4;carb_style;bia_0001_253;3;2;0;5;3;43
ollama_gemma4;carb_style;bia_0001_254;1;3;1;4;2;35
ollama_gemma4;carb_style;bia_0001_255;2;1;0;3;2;20
ollama_gemma4;carb_style;bia_0001_256;0;2;1;2;1;17
ollama_gemma4;carb_style;bia_0001_257;1;0;0;1;1;10
ollama_gemma4;carb_style;bia_0001_258;1;3;0;4;1;44
ollama_gemma4;carb_style;bia_0001_259;1;1;0;2;1;19
ollama_gemma4;carb_style;bia_0001_260;1;2;1;3;2;29
ollama_gemma4;carb_style;bia_0001_261;1;1;0;2;1;33
pt_oie;strict;bia_0001_00;1;0;1;1;2;19
pt_oie;strict;bia_0001_01;1;1;0;2;1;26
pt_oie;strict;bia_0001_02;0;1;2;1;2;33
pt_oie;strict;bia_0001_03;0;2;1;2;1;18
pt_oie;strict;bia_0001_04;2;6;1;8;3;58
pt_oie;strict;bia_0001_05;0;2;1;2;1;28
pt_oie;strict;bia_0001_06;0;2;1;2;1;37
pt_oie;strict;bia_0001_07;0;1;1;1;1;27
pt_oie;strict;bia_0001_08;2;2;0;4;2;27
pt_oie;strict;bia_0001_09;1;1;0;2;1;22
pt_oie;strict;bia_0001_10;0;3;5;3;5;28
pt_oie;strict;bia_0001_11;1;2;1;3;2;39
pt_oie;strict;bia_0001_12;0;3;1;3;1;33
pt_oie;strict;bia_0001_13;1;6;0;7;1;44
pt_oie;strict;bia_0001_14;0;1;1;1;1;26
pt_oie;strict;bia_0001_15;1;1;1;2;2;20
pt_oie;strict;bia_0001_16;1;4;3;5;4;47
pt_oie;strict;bia_0001_17;2;1;1;3;3;24
pt_oie;strict;bia_0001_18;1;2;1;3;2;54
pt_oie;strict;bia_0001_19;0;6;1;6;1;52
pt_oie;strict;bia_0001_20;0;4;2;4;2;48
pt_oie;strict;bia_0001_21;0;4;3;4;3;23
pt_oie;strict;bia_0001_22;0;2;2;2;2;25
pt_oie;strict;bia_0001_23;0;2;3;2;3;46
pt_oie;strict;bia_0001_24;1;0;0;1;1;36
pt_oie;strict;bia_0001_25;0;7;3;7;3;52
pt_oie;strict;bia_0001_26;1;0;0;1;1;45
pt_oie;strict;bia_0001_27;0;2;1;2;1;44
pt_oie;strict;bia_0001_28;1;1;1;2;2;38
pt_oie;strict;bia_0001_29;0;0;1;0;1;24
pt_oie;strict;bia_0001_30;0;1;1;1;1;20
pt_oie;strict;bia_0001_31;0;1;2;1;2;24
pt_oie;strict;bia_0001_32;0;2;1;2;1;18
pt_oie;strict;bia_0001_33;0;3;1;3;1;33
pt_oie;strict;bia_0001_34;0;2;1;2;1;27
pt_oie;strict;bia_0001_35;0;1;1;1;1;21
pt_oie;strict;bia_0001_36;0;1;1;1;1;68
pt_oie;strict;bia_0001_37;0;3;2;3;2;22
pt_oie;strict;bia_0001_38;1;1;1;2;2;27
pt_oie;strict;bia_0001_39;1;3;3;4;4;32
pt_oie;strict;bia_0001_40;0;1;1;1;1;39
pt_oie;strict;bia_0001_41;0;1;1;1;1;17
pt_oie;strict;bia_0001_42;0;1;1;1;1;32
pt_oie;strict;bia_0001_43;0;3;2;3;2;52
pt_oie;strict;bia_0001_44;0;1;1;1;1;47
pt_oie;strict;bia_0001_45;0;4;2;4;2;67
pt_oie;strict;bia_0001_46;0;2;2;2;2;21
pt_oie;strict;bia_0001_47;0;1;2;1;2;30
pt_oie;strict;bia_0001_48;0;3;2;3;2;42
pt_oie;strict;bia_0001_49;0;1;3;1;3;49
pt_oie;strict;bia_0001_50;0;1;1;1;1;18
pt_oie;strict;bia_0001_51;0;1;1;1;1;71
pt_oie;strict;bia_0001_52;0;3;3;3;3;46
pt_oie;strict;bia_0001_53;1;1;0;2;1;20
pt_oie;strict;bia_0001_54;1;3;0;4;1;19
pt_oie;strict;bia_0001_55;1;2;1;3;2;12
pt_oie;strict;bia_0001_56;0;1;1;1;1;37
pt_oie;strict;bia_0001_57;0;2;1;2;1;18
pt_oie;strict;bia_0001_58;0;2;1;2;1;49
pt_oie;strict;bia_0001_59;0;0;1;0;1;22
pt_oie;strict;bia_0001_60;0;0;2;0;2;44
pt_oie;strict;bia_0001_61;0;1;2;1;2;22
pt_oie;strict;bia_0001_62;0;1;1;1;1;26
pt_oie;strict;bia_0001_63;1;0;0;1;1;26
pt_oie;strict;bia_0001_64;0;1;1;1;1;19
pt_oie;strict;bia_0001_65;0;1;3;1;3;42
pt_oie;strict;bia_0001_66;1;1;0;2;1;15
pt_oie;strict;bia_0001_67;0;0;1;0;1;6
pt_oie;strict;bia_0001_68;0;1;1;1;1;9
pt_oie;strict;bia_0001_69;0;1;2;1;2;26
pt_oie;strict;bia_0001_70;1;1;1;2;2;14
pt_oie;strict;bia_0001_71;2;0;0;2;2;32
pt_oie;strict;bia_0001_72;0;2;1;2;1;41
pt_oie;strict;bia_0001_73;0;1;2;1;2;17
pt_oie;strict;bia_0001_74;0;2;1;2;1;13
pt_oie;strict;bia_0001_75;0;1;1;1;1;35
pt_oie;strict;bia_0001_76;0;2;3;2;3;33
pt_oie;strict;bia_0001_77;1;1;0;2;1;31
pt_oie;strict;bia_0001_78;0;2;1;2;1;24
pt_oie;strict;bia_0001_79;0;3;3;3;3;33
pt_oie;strict;bia_0001_80;1;2;0;3;1;20
pt_oie;strict;bia_0001_81;0;2;1;2;1;12
pt_oie;strict;bia_0001_82;0;1;2;1;2;39
pt_oie;strict;bia_0001_83;0;2;1;2;1;20
pt_oie;strict;bia_0001_84;0;3;2;3;2;19
pt_oie;strict;bia_0001_85;0;3;1;3;1;30
pt_oie;strict;bia_0001_86;0;0;2;0;2;18
pt_oie;strict;bia_0001_87;2;2;1;4;3;54
pt_oie;strict;bia_0001_88;1;1;1;2;2;20
pt_oie;strict;bia_0001_89;0;2;2;2;2;44
pt_oie;strict;bia_0001_90;0;1;2;1;2;44
pt_oie;strict;bia_0001_91;1;0;1;1;2;22
pt_oie;strict;bia_0001_92;0;1;1;1;1;18
pt_oie;strict;bia_0001_93;0;3;2;3;2;23
pt_oie;strict;bia_0001_94;0;2;3;2;3;20
pt_oie;strict;bia_0001_95;0;2;2;2;2;15
pt_oie;strict;bia_0001_96;1;3;3;4;4;17
pt_oie;strict;bia_0001_97;0;0;1;0;1;31
pt_oie;strict;bia_0001_98;0;1;1;1;1;15
pt_oie;strict;bia_0001_99;0;1;2;1;2;30
pt_oie;strict;bia_0001_100;0;1;1;1;1;38
pt_oie;strict;bia_0001_101;1;3;0;4;1;35
pt_oie;strict;bia_0001_102;0;3;1;3;1;52
pt_oie;strict;bia_0001_103;0;3;2;3;2;41
pt_oie;strict;bia_0001_104;2;1;0;3;2;48
pt_oie;strict;bia_0001_105;0;2;1;2;1;10
pt_oie;strict;bia_0001_106;0;2;1;2;1;42
pt_oie;strict;bia_0001_107;0;1;1;1;1;20
pt_oie;strict;bia_0001_108;0;3;1;3;1;37
pt_oie;strict;bia_0001_109;0;1;2;1;2;39
pt_oie;strict;bia_0001_110;0;2;1;2;1;66
pt_oie;strict;bia_0001_111;0;6;3;6;3;66
pt_oie;strict;bia_0001_112;1;2;1;3;2;11
pt_oie;strict;bia_0001_113;0;3;3;3;3;44
pt_oie;strict;bia_0001_114;0;0;2;0;2;53
pt_oie;strict;bia_0001_115;1;1;0;2;1;39
pt_oie;strict;bia_0001_116;0;1;2;1;2;25
pt_oie;strict;bia_0001_117;0;3;4;3;4;42
pt_oie;strict;bia_0001_118;1;2;0;3;1;15
pt_oie;strict;bia_0001_119;2;2;7;4;9;61
pt_oie;strict;bia_0001_120;0;2;1;2;1;56
pt_oie;strict;bia_0001_121;0;1;2;1;2;19
pt_oie;strict;bia_0001_122;0;1;1;1;1;53
pt_oie;strict;bia_0001_123;0;0;2;0;2;34
pt_oie;strict;bia_0001_124;0;5;2;5;2;52
pt_oie;strict;bia_0001_125;3;3;1;6;4;39
pt_oie;strict;bia_0001_126;1;3;1;4;2;34
pt_oie;strict;bia_0001_127;0;1;1;1;1;22
pt_oie;strict;bia_0001_128;0;3;1;3;1;43
pt_oie;strict;bia_0001_129;0;1;1;1;1;15
pt_oie;strict;bia_0001_130;1;0;1;1;2;15
pt_oie;strict;bia_0001_131;0;1;1;1;1;24
pt_oie;strict;bia_0001_132;0;2;2;2;2;33
pt_oie;strict;bia_0001_133;1;2;1;3;2;15
pt_oie;strict;bia_0001_134;2;4;2;6;4;56
pt_oie;strict;bia_0001_135;0;1;1;1;1;31
pt_oie;strict;bia_0001_136;0;1;1;1;1;19
pt_oie;strict;bia_0001_137;0;1;2;1;2;30
pt_oie;strict;bia_0001_138;0;1;2;1;2;54
pt_oie;strict;bia_0001_139;0;1;1;1;1;21
pt_oie;strict;bia_0001_140;0;1;1;1;1;15
pt_oie;strict;bia_0001_141;0;1;1;1;1;21
pt_oie;strict;bia_0001_142;1;0;0;1;1;50
pt_oie;strict;bia_0001_143;1;0;0;1;1;53
pt_oie;strict;bia_0001_144;1;2;0;3;1;34
pt_oie;strict;bia_0001_145;0;1;2;1;2;16
pt_oie;strict;bia_0001_146;1;3;2;4;3;48
pt_oie;strict;bia_0001_147;0;4;2;4;2;51
pt_oie;strict;bia_0001_148;1;1;0;2;1;12
pt_oie;strict;bia_0001_149;0;2;3;2;3;35
pt_oie;strict;bia_0001_150;0;1;1;1;1;18
pt_oie;strict;bia_0001_151;0;2;1;2;1;41
pt_oie;strict;bia_0001_152;0;3;1;3;1;36
pt_oie;strict;bia_0001_153;0;0;2;0;2;44
pt_oie;strict;bia_0001_154;1;1;0;2;1;38
pt_oie;strict;bia_0001_155;0;0;1;0;1;22
pt_oie;strict;bia_0001_156;0;2;1;2;1;34
pt_oie;strict;bia_0001_157;0;0;1;0;1;31
pt_oie;strict;bia_0001_158;2;2;1;4;3;26
pt_oie;strict;bia_0001_159;0;0;1;0;1;25
pt_oie;strict;bia_0001_160;0;1;1;1;1;24
pt_oie;strict;bia_0001_161;0;2;2;2;2;11
pt_oie;strict;bia_0001_162;0;3;1;3;1;35
pt_oie;strict;bia_0001_163;1;1;0;2;1;32
pt_oie;strict;bia_0001_164;2;2;1;4;3;23
pt_oie;strict;bia_0001_165;0;2;2;2;2;22
pt_oie;strict;bia_0001_166;0;2;2;2;2;41
pt_oie;strict;bia_0001_167;0;2;1;2;1;71
pt_oie;strict;bia_0001_168;0;2;2;2;2;28
pt_oie;strict;bia_0001_169;0;4;2;4;2;30
pt_oie;strict;bia_0001_170;1;2;0;3;1;66
pt_oie;strict;bia_0001_171;1;1;1;2;2;32
pt_oie;strict;bia_0001_172;0;3;1;3;1;35
pt_oie;strict;bia_0001_173;0;1;1;1;1;21
pt_oie;strict;bia_0001_174;0;1;1;1;1;19
pt_oie;strict;bia_0001_175;0;4;3;4;3;26
pt_oie;strict;bia_0001_176;0;3;1;3;1;23
pt_oie;strict;bia_0001_177;0;1;1;1;1;16
pt_oie;strict;bia_0001_178;0;5;1;5;1;36
pt_oie;strict;bia_0001_179;0;0;2;0;2;44
pt_oie;strict;bia_0001_180;0;1;1;1;1;21
pt_oie;strict;bia_0001_181;0;1;1;1;1;16
pt_oie;strict;bia_0001_182;0;1;1;1;1;49
pt_oie;strict;bia_0001_183;0;1;2;1;2;39
pt_oie;strict;bia_0001_184;0;1;1;1;1;20
pt_oie;strict;bia_0001_185;1;0;0;1;1;10
pt_oie;strict;bia_0001_186;0;1;1;1;1;22
pt_oie;strict;bia_0001_187;0;0;2;0;2;34
pt_oie;strict;bia_0001_188;1;1;0;2;1;35
pt_oie;strict;bia_0001_189;0;2;2;2;2;54
pt_oie;strict;bia_0001_190;0;2;1;2;1;36
pt_oie;strict;bia_0001_191;0;1;1;1;1;17
pt_oie;strict;bia_0001_192;0;1;1;1;1;11
pt_oie;strict;bia_0001_193;1;2;1;3;2;30
pt_oie;strict;bia_0001_194;1;1;1;2;2;10
pt_oie;strict;bia_0001_195;0;1;2;1;2;57
pt_oie;strict;bia_0001_196;1;1;1;2;2;16
pt_oie;strict;bia_0001_197;1;2;0;3;1;32
pt_oie;strict;bia_0001_198;0;1;2;1;2;23
pt_oie;strict;bia_0001_199;0;0;1;0;1;37
pt_oie;strict;bia_0001_200;0;1;1;1;1;33
pt_oie;strict;bia_0001_201;0;5;3;5;3;24
pt_oie;strict;bia_0001_202;0;1;1;1;1;36
pt_oie;strict;bia_0001_203;0;1;1;1;1;14
pt_oie;strict;bia_0001_204;0;2;3;2;3;63
pt_oie;strict;bia_0001_205;0;0;2;0;2;34
pt_oie;strict;bia_0001_206;0;2;2;2;2;36
pt_oie;strict;bia_0001_207;0;1;1;1;1;25
pt_oie;strict;bia_0001_208;0;2;2;2;2;20
pt_oie;strict;bia_0001_209;0;2;1;2;1;20
pt_oie;strict;bia_0001_210;0;2;1;2;1;44
pt_oie;strict;bia_0001_211;0;1;1;1;1;20
pt_oie;strict;bia_0001_212;0;0;1;0;1;25
pt_oie;strict;bia_0001_213;0;1;1;1;1;58
pt_oie;strict;bia_0001_214;0;1;1;1;1;38
pt_oie;strict;bia_0001_215;1;1;0;2;1;19
pt_oie;strict;bia_0001_216;0;1;1;1;1;24
pt_oie;strict;bia_0001_217;0;1;1;1;1;39
pt_oie;strict;bia_0001_218;0;1;1;1;1;30
pt_oie;strict;bia_0001_219;0;1;1;1;1;20
pt_oie;strict;bia_0001_220;0;1;2;1;2;32
pt_oie;strict;bia_0001_221;1;1;1;2;2;18
pt_oie;strict;bia_0001_222;1;2;1;3;2;22
pt_oie;strict;bia_0001_223;0;1;1;1;1;29
pt_oie;strict;bia_0001_224;0;2;1;2;1;25
pt_oie;strict;bia_0001_225;0;1;2;1;2;40
pt_oie;strict;bia_0001_226;1;1;0;2;1;32
pt_oie;strict;bia_0001_227;1;5;1;6;2;50
pt_oie;strict;bia_0001_228;1;2;1;3;2;16
pt_oie;strict;bia_0001_229;0;1;1;1;1;36
pt_oie;strict;bia_0001_230;0;3;2;3;2;31
pt_oie;strict;bia_0001_231;0;2;1;2;1;42
pt_oie;strict;bia_0001_232;1;3;1;4;2;21
pt_oie;strict;bia_0001_233;0;3;1;3;1;13
pt_oie;strict;bia_0001_234;1;2;1;3;2;54
pt_oie;strict;bia_0001_235;0;2;2;2;2;26
pt_oie;strict;bia_0001_236;1;2;0;3;1;25
pt_oie;strict;bia_0001_237;1;3;2;4;3;16
pt_oie;strict;bia_0001_238;0;1;2;1;2;32
pt_oie;strict;bia_0001_239;1;1;0;2;1;17
pt_oie;strict;bia_0001_240;0;1;1;1;1;30
pt_oie;strict;bia_0001_241;0;1;1;1;1;24
pt_oie;strict;bia_0001_242;0;2;1;2;1;34
pt_oie;strict;bia_0001_243;0;1;2;1;2;27
pt_oie;strict;bia_0001_244;0;1;1;1;1;24
pt_oie;strict;bia_0001_245;1;1;0;2;1;26
pt_oie;strict;bia_0001_246;0;1;2;1;2;38
pt_oie;strict;bia_0001_247;1;1;0;2;1;28
pt_oie;strict;bia_0001_248;0;2;1;2;1;29
pt_oie;strict;bia_0001_249;2;2;1;4;3;40
pt_oie;strict;bia_0001_250;0;0;1;0;1;29
pt_oie;strict;bia_0001_251;0;0;1;0;1;28
pt_oie;strict;bia_0001_252;0;1;2;1;2;18
pt_oie;strict;bia_0001_253;1;5;2;6;3;43
pt_oie;strict;bia_0001_254;0;2;2;2;2;35
pt_oie;strict;bia_0001_255;0;0;2;0;2;20
pt_oie;strict;bia_0001_256;0;0;1;0;1;17
pt_oie;strict;bia_0001_257;1;0;0;1;1;10
pt_oie;strict;bia_0001_258;0;2;1;2;1;44
pt_oie;strict;bia_0001_259;0;2;1;2;1;19
pt_oie;strict;bia_0001_260;1;1;1;2;2;29
pt_oie;strict;bia_0001_261;0;1;1;1;1;33
pt_oie;tolerant;bia_0001_00;1;0;1;1;2;19
pt_oie;tolerant;bia_0001_01;1;1;0;2;1;26
pt_oie;tolerant;bia_0001_02;0;1;2;1;2;33
pt_oie;tolerant;bia_0001_03;0;2;1;2;1;18
pt_oie;tolerant;bia_0001_04;3;5;0;8;3;58
pt_oie;tolerant;bia_0001_05;0;2;1;2;1;28
pt_oie;tolerant;bia_0001_06;0;2;1;2;1;37
pt_oie;tolerant;bia_0001_07;0;1;1;1;1;27
pt_oie;tolerant;bia_0001_08;2;2;0;4;2;27
pt_oie;tolerant;bia_0001_09;1;1;0;2;1;22
pt_oie;tolerant;bia_0001_10;1;2;4;3;5;28
pt_oie;tolerant;bia_0001_11;1;2;1;3;2;39
pt_oie;tolerant;bia_0001_12;0;3;1;3;1;33
pt_oie;tolerant;bia_0001_13;1;6;0;7;1;44
pt_oie;tolerant;bia_0001_14;0;1;1;1;1;26
pt_oie;tolerant;bia_0001_15;1;1;1;2;2;20
pt_oie;tolerant;bia_0001_16;1;4;3;5;4;47
pt_oie;tolerant;bia_0001_17;2;1;1;3;3;24
pt_oie;tolerant;bia_0001_18;1;2;1;3;2;54
pt_oie;tolerant;bia_0001_19;1;5;0;6;1;52
pt_oie;tolerant;bia_0001_20;1;3;1;4;2;48
pt_oie;tolerant;bia_0001_21;1;3;2;4;3;23
pt_oie;tolerant;bia_0001_22;0;2;2;2;2;25
pt_oie;tolerant;bia_0001_23;1;1;2;2;3;46
pt_oie;tolerant;bia_0001_24;1;0;0;1;1;36
pt_oie;tolerant;bia_0001_25;2;5;1;7;3;52
pt_oie;tolerant;bia_0001_26;1;0;0;1;1;45
pt_oie;tolerant;bia_0001_27;1;1;0;2;1;44
pt_oie;tolerant;bia_0001_28;2;0;0;2;2;38
pt_oie;tolerant;bia_0001_29;0;0;1;0;1;24
pt_oie;tolerant;bia_0001_30;0;1;1;1;1;20
pt_oie;tolerant;bia_0001_31;1;0;1;1;2;24
pt_oie;tolerant;bia_0001_32;1;1;0;2;1;18
pt_oie;tolerant;bia_0001_33;0;3;1;3;1;33
pt_oie;tolerant;bia_0001_34;0;2;1;2;1;27
pt_oie;tolerant;bia_0001_35;1;0;0;1;1;21
pt_oie;tolerant;bia_0001_36;0;1;1;1;1;68
pt_oie;tolerant;bia_0001_37;1;2;1;3;2;22
pt_oie;tolerant;bia_0001_38;1;1;1;2;2;27
pt_oie;tolerant;bia_0001_39;1;3;3;4;4;32
pt_oie;tolerant;bia_0001_40;0;1;1;1;1;39
pt_oie;tolerant;bia_0001_41;0;1;1;1;1;17
pt_oie;tolerant;bia_0001_42;0;1;1;1;1;32
pt_oie;tolerant;bia_0001_43;0;3;2;3;2;52
pt_oie;tolerant;bia_0001_44;0;1;1;1;1;47
pt_oie;tolerant;bia_0001_45;0;4;2;4;2;67
pt_oie;tolerant;bia_0001_46;0;2;2;2;2;21
pt_oie;tolerant;bia_0001_47;1;0;1;1;2;30
pt_oie;tolerant;bia_0001_48;0;3;2;3;2;42
pt_oie;tolerant;bia_0001_49;1;0;2;1;3;49
pt_oie;tolerant;bia_0001_50;1;0;0;1;1;18
pt_oie;tolerant;bia_0001_51;0;1;1;1;1;71
pt_oie;tolerant;bia_0001_52;0;3;3;3;3;46
pt_oie;tolerant;bia_0001_53;1;1;0;2;1;20
pt_oie;tolerant;bia_0001_54;1;3;0;4;1;19
pt_oie;tolerant;bia_0001_55;2;1;0;3;2;12
pt_oie;tolerant;bia_0001_56;0;1;1;1;1;37
pt_oie;tolerant;bia_0001_57;1;1;0;2;1;18
pt_oie;tolerant;bia_0001_58;1;1;0;2;1;49
pt_oie;tolerant;bia_0001_59;0;0;1;0;1;22
pt_oie;tolerant;bia_0001_60;0;0;2;0;2;44
pt_oie;tolerant;bia_0001_61;0;1;2;1;2;22
pt_oie;tolerant;bia_0001_62;0;1;1;1;1;26
pt_oie;tolerant;bia_0001_63;1;0;0;1;1;26
pt_oie;tolerant;bia_0001_64;0;1;1;1;1;19
pt_oie;tolerant;bia_0001_65;0;1;3;1;3;42
pt_oie;tolerant;bia_0001_66;1;1;0;2;1;15
pt_oie;tolerant;bia_0001_67;0;0;1;0;1;6
pt_oie;tolerant;bia_0001_68;0;1;1;1;1;9
pt_oie;tolerant;bia_0001_69;0;1;2;1;2;26
pt_oie;tolerant;bia_0001_70;1;1;1;2;2;14
pt_oie;tolerant;bia_0001_71;2;0;0;2;2;32
pt_oie;tolerant;bia_0001_72;0;2;1;2;1;41
pt_oie;tolerant;bia_0001_73;0;1;2;1;2;17
pt_oie;tolerant;bia_0001_74;0;2;1;2;1;13
pt_oie;tolerant;bia_0001_75;0;1;1;1;1;35
pt_oie;tolerant;bia_0001_76;0;2;3;2;3;33
pt_oie;tolerant;bia_0001_77;1;1;0;2;1;31
pt_oie;tolerant;bia_0001_78;0;2;1;2;1;24
pt_oie;tolerant;bia_0001_79;2;1;1;3;3;33
pt_oie;tolerant;bia_0001_80;1;2;0;3;1;20
pt_oie;tolerant;bia_0001_81;0;2;1;2;1;12
pt_oie;tolerant;bia_0001_82;0;1;2;1;2;39
pt_oie;tolerant;bia_0001_83;0;2;1;2;1;20
pt_oie;tolerant;bia_0001_84;1;2;1;3;2;19
pt_oie;tolerant;bia_0001_85;0;3;1;3;1;30
pt_oie;tolerant;bia_0001_86;0;0;2;0;2;18
pt_oie;tolerant;bia_0001_87;2;2;1;4;3;54
pt_oie;tolerant;bia_0001_88;1;1;1;2;2;20
pt_oie;tolerant;bia_0001_89;0;2;2;2;2;44
pt_oie;tolerant;bia_0001_90;0;1;2;1;2;44
pt_oie;tolerant;bia_0001_91;1;0;1;1;2;22
pt_oie;tolerant;bia_0001_92;0;1;1;1;1;18
pt_oie;tolerant;bia_0001_93;0;3;2;3;2;23
pt_oie;tolerant;bia_0001_94;0;2;3;2;3;20
pt_oie;tolerant;bia_0001_95;1;1;1;2;2;15
pt_oie;tolerant;bia_0001_96;2;2;2;4;4;17
pt_oie;tolerant;bia_0001_97;0;0;1;0;1;31
pt_oie;tolerant;bia_0001_98;0;1;1;1;1;15
pt_oie;tolerant;bia_0001_99;1;0;1;1;2;30
pt_oie;tolerant;bia_0001_100;0;1;1;1;1;38
pt_oie;tolerant;bia_0001_101;1;3;0;4;1;35
pt_oie;tolerant;bia_0001_102;1;2;0;3;1;52
pt_oie;tolerant;bia_0001_103;1;2;1;3;2;41
pt_oie;tolerant;bia_0001_104;2;1;0;3;2;48
pt_oie;tolerant;bia_0001_105;0;2;1;2;1;10
pt_oie;tolerant;bia_0001_106;0;2;1;2;1;42
pt_oie;tolerant;bia_0001_107;0;1;1;1;1;20
pt_oie;tolerant;bia_0001_108;0;3;1;3;1;37
pt_oie;tolerant;bia_0001_109;1;0;1;1;2;39
pt_oie;tolerant;bia_0001_110;0;2;1;2;1;66
pt_oie;tolerant;bia_0001_111;0;6;3;6;3;66
pt_oie;tolerant;bia_0001_112;1;2;1;3;2;11
pt_oie;tolerant;bia_0001_113;0;3;3;3;3;44
pt_oie;tolerant;bia_0001_114;0;0;2;0;2;53
pt_oie;tolerant;bia_0001_115;1;1;0;2;1;39
pt_oie;tolerant;bia_0001_116;0;1;2;1;2;25
pt_oie;tolerant;bia_0001_117;0;3;4;3;4;42
pt_oie;tolerant;bia_0001_118;1;2;0;3;1;15
pt_oie;tolerant;bia_0001_119;2;2;7;4;9;61
pt_oie;tolerant;bia_0001_120;0;2;1;2;1;56
pt_oie;tolerant;bia_0001_121;0;1;2;1;2;19
pt_oie;tolerant;bia_0001_122;0;1;1;1;1;53
pt_oie;tolerant;bia_0001_123;0;0;2;0;2;34
pt_oie;tolerant;bia_0001_124;0;5;2;5;2;52
pt_oie;tolerant;bia_0001_125;3;3;1;6;4;39
pt_oie;tolerant;bia_0001_126;1;3;1;4;2;34
pt_oie;tolerant;bia_0001_127;1;0;0;1;1;22
pt_oie;tolerant;bia_0001_128;0;3;1;3;1;43
pt_oie;tolerant;bia_0001_129;0;1;1;1;1;15
pt_oie;tolerant;bia_0001_130;1;0;1;1;2;15
pt_oie;tolerant;bia_0001_131;0;1;1;1;1;24
pt_oie;tolerant;bia_0001_132;0;2;2;2;2;33
pt_oie;tolerant;bia_0001_133;1;2;1;3;2;15
pt_oie;tolerant;bia_0001_134;2;4;2;6;4;56
pt_oie;tolerant;bia_0001_135;0;1;1;1;1;31
pt_oie;tolerant;bia_0001_136;0;1;1;1;1;19
pt_oie;tolerant;bia_0001_137;0;1;2;1;2;30
pt_oie;tolerant;bia_0001_138;0;1;2;1;2;54
pt_oie;tolerant;bia_0001_139;0;1;1;1;1;21
pt_oie;tolerant;bia_0001_140;0;1;1;1;1;15
pt_oie;tolerant;bia_0001_141;0;1;1;1;1;21
pt_oie;tolerant;bia_0001_142;1;0;0;1;1;50
pt_oie;tolerant;bia_0001_143;1;0;0;1;1;53
pt_oie;tolerant;bia_0001_144;1;2;0;3;1;34
pt_oie;tolerant;bia_0001_145;1;0;1;1;2;16
pt_oie;tolerant;bia_0001_146;1;3;2;4;3;48
pt_oie;tolerant;bia_0001_147;1;3;1;4;2;51
pt_oie;tolerant;bia_0001_148;1;1;0;2;1;12
pt_oie;tolerant;bia_0001_149;1;1;2;2;3;35
pt_oie;tolerant;bia_0001_150;0;1;1;1;1;18
pt_oie;tolerant;bia_0001_151;0;2;1;2;1;41
pt_oie;tolerant;bia_0001_152;0;3;1;3;1;36
pt_oie;tolerant;bia_0001_153;0;0;2;0;2;44
pt_oie;tolerant;bia_0001_154;1;1;0;2;1;38
pt_oie;tolerant;bia_0001_155;0;0;1;0;1;22
pt_oie;tolerant;bia_0001_156;0;2;1;2;1;34
pt_oie;tolerant;bia_0001_157;0;0;1;0;1;31
pt_oie;tolerant;bia_0001_158;2;2;1;4;3;26
pt_oie;tolerant;bia_0001_159;0;0;1;0;1;25
pt_oie;tolerant;bia_0001_160;0;1;1;1;1;24
pt_oie;tolerant;bia_0001_161;1;1;1;2;2;11
pt_oie;tolerant;bia_0001_162;1;2;0;3;1;35
pt_oie;tolerant;bia_0001_163;1;1;0;2;1;32
pt_oie;tolerant;bia_0001_164;2;2;1;4;3;23
pt_oie;tolerant;bia_0001_165;0;2;2;2;2;22
pt_oie;tolerant;bia_0001_166;0;2;2;2;2;41
pt_oie;tolerant;bia_0001_167;0;2;1;2;1;71
pt_oie;tolerant;bia_0001_168;1;1;1;2;2;28
pt_oie;tolerant;bia_0001_169;1;3;1;4;2;30
pt_oie;tolerant;bia_0001_170;1;2;0;3;1;66
pt_oie;tolerant;bia_0001_171;1;1;1;2;2;32
pt_oie;tolerant;bia_0001_172;0;3;1;3;1;35
pt_oie;tolerant;bia_0001_173;0;1;1;1;1;21
pt_oie;tolerant;bia_0001_174;0;1;1;1;1;19
pt_oie;tolerant;bia_0001_175;0;4;3;4;3;26
pt_oie;tolerant;bia_0001_176;1;2;0;3;1;23
pt_oie;tolerant;bia_0001_177;1;0;0;1;1;16
pt_oie;tolerant;bia_0001_178;0;5;1;5;1;36
pt_oie;tolerant;bia_0001_179;0;0;2;0;2;44
pt_oie;tolerant;bia_0001_180;0;1;1;1;1;21
pt_oie;tolerant;bia_0001_181;1;0;0;1;1;16
pt_oie;tolerant;bia_0001_182;0;1;1;1;1;49
pt_oie;tolerant;bia_0001_183;0;1;2;1;2;39
pt_oie;tolerant;bia_0001_184;0;1;1;1;1;20
pt_oie;tolerant;bia_0001_185;1;0;0;1;1;10
pt_oie;tolerant;bia_0001_186;0;1;1;1;1;22
pt_oie;tolerant;bia_0001_187;0;0;2;0;2;34
pt_oie;tolerant;bia_0001_188;1;1;0;2;1;35
pt_oie;tolerant;bia_0001_189;0;2;2;2;2;54
pt_oie;tolerant;bia_0001_190;0;2;1;2;1;36
pt_oie;tolerant;bia_0001_191;0;1;1;1;1;17
pt_oie;tolerant;bia_0001_192;0;1;1;1;1;11
pt_oie;tolerant;bia_0001_193;1;2;1;3;2;30
pt_oie;tolerant;bia_0001_194;1;1;1;2;2;10
pt_oie;tolerant;bia_0001_195;0;1;2;1;2;57
pt_oie;tolerant;bia_0001_196;1;1;1;2;2;16
pt_oie;tolerant;bia_0001_197;1;2;0;3;1;32
pt_oie;tolerant;bia_0001_198;0;1;2;1;2;23
pt_oie;tolerant;bia_0001_199;0;0;1;0;1;37
pt_oie;tolerant;bia_0001_200;0;1;1;1;1;33
pt_oie;tolerant;bia_0001_201;1;4;2;5;3;24
pt_oie;tolerant;bia_0001_202;0;1;1;1;1;36
pt_oie;tolerant;bia_0001_203;0;1;1;1;1;14
pt_oie;tolerant;bia_0001_204;0;2;3;2;3;63
pt_oie;tolerant;bia_0001_205;0;0;2;0;2;34
pt_oie;tolerant;bia_0001_206;0;2;2;2;2;36
pt_oie;tolerant;bia_0001_207;0;1;1;1;1;25
pt_oie;tolerant;bia_0001_208;0;2;2;2;2;20
pt_oie;tolerant;bia_0001_209;1;1;0;2;1;20
pt_oie;tolerant;bia_0001_210;0;2;1;2;1;44
pt_oie;tolerant;bia_0001_211;0;1;1;1;1;20
pt_oie;tolerant;bia_0001_212;0;0;1;0;1;25
pt_oie;tolerant;bia_0001_213;0;1;1;1;1;58
pt_oie;tolerant;bia_0001_214;0;1;1;1;1;38
pt_oie;tolerant;bia_0001_215;1;1;0;2;1;19
pt_oie;tolerant;bia_0001_216;0;1;1;1;1;24
pt_oie;tolerant;bia_0001_217;0;1;1;1;1;39
pt_oie;tolerant;bia_0001_218;0;1;1;1;1;30
pt_oie;tolerant;bia_0001_219;0;1;1;1;1;20
pt_oie;tolerant;bia_0001_220;1;0;1;1;2;32
pt_oie;tolerant;bia_0001_221;1;1;1;2;2;18
pt_oie;tolerant;bia_0001_222;1;2;1;3;2;22
pt_oie;tolerant;bia_0001_223;0;1;1;1;1;29
pt_oie;tolerant;bia_0001_224;0;2;1;2;1;25
pt_oie;tolerant;bia_0001_225;0;1;2;1;2;40
pt_oie;tolerant;bia_0001_226;1;1;0;2;1;32
pt_oie;tolerant;bia_0001_227;1;5;1;6;2;50
pt_oie;tolerant;bia_0001_228;1;2;1;3;2;16
pt_oie;tolerant;bia_0001_229;0;1;1;1;1;36
pt_oie;tolerant;bia_0001_230;2;1;0;3;2;31
pt_oie;tolerant;bia_0001_231;0;2;1;2;1;42
pt_oie;tolerant;bia_0001_232;1;3;1;4;2;21
pt_oie;tolerant;bia_0001_233;1;2;0;3;1;13
pt_oie;tolerant;bia_0001_234;1;2;1;3;2;54
pt_oie;tolerant;bia_0001_235;1;1;1;2;2;26
pt_oie;tolerant;bia_0001_236;1;2;0;3;1;25
pt_oie;tolerant;bia_0001_237;2;2;1;4;3;16
pt_oie;tolerant;bia_0001_238;0;1;2;1;2;32
pt_oie;tolerant;bia_0001_239;1;1;0;2;1;17
pt_oie;tolerant;bia_0001_240;1;0;0;1;1;30
pt_oie;tolerant;bia_0001_241;0;1;1;1;1;24
pt_oie;tolerant;bia_0001_242;0;2;1;2;1;34
pt_oie;tolerant;bia_0001_243;0;1;2;1;2;27
pt_oie;tolerant;bia_0001_244;0;1;1;1;1;24
pt_oie;tolerant;bia_0001_245;1;1;0;2;1;26
pt_oie;tolerant;bia_0001_246;0;1;2;1;2;38
pt_oie;tolerant;bia_0001_247;1;1;0;2;1;28
pt_oie;tolerant;bia_0001_248;0;2;1;2;1;29
pt_oie;tolerant;bia_0001_249;2;2;1;4;3;40
pt_oie;tolerant;bia_0001_250;0;0;1;0;1;29
pt_oie;tolerant;bia_0001_251;0;0;1;0;1;28
pt_oie;tolerant;bia_0001_252;0;1;2;1;2;18
pt_oie;tolerant;bia_0001_253;2;4;1;6;3;43
pt_oie;tolerant;bia_0001_254;0;2;2;2;2;35
pt_oie;tolerant;bia_0001_255;0;0;2;0;2;20
pt_oie;tolerant;bia_0001_256;0;0;1;0;1;17
pt_oie;tolerant;bia_0001_257;1;0;0;1;1;10
pt_oie;tolerant;bia_0001_258;0;2;1;2;1;44
pt_oie;tolerant;bia_0001_259;1;1;0;2;1;19
pt_oie;tolerant;bia_0001_260;1;1;1;2;2;29
pt_oie;tolerant;bia_0001_261;0;1;1;1;1;33
pt_oie;bia_legacy;bia_0001_00;2;0;0;2;2;19
pt_oie;bia_legacy;bia_0001_01;1;1;0;2;1;26
pt_oie;bia_legacy;bia_0001_02;1;0;1;1;2;33
pt_oie;bia_legacy;bia_0001_03;1;1;0;2;1;18
pt_oie;bia_legacy;bia_0001_04;3;5;0;8;3;58
pt_oie;bia_legacy;bia_0001_05;0;2;1;2;1;28
pt_oie;bia_legacy;bia_0001_06;1;1;0;2;1;37
pt_oie;bia_legacy;bia_0001_07;1;0;0;1;1;27
pt_oie;bia_legacy;bia_0001_08;2;2;0;4;2;27
pt_oie;bia_legacy;bia_0001_09;1;1;0;2;1;22
pt_oie;bia_legacy;bia_0001_10;2;1;3;3;5;28
pt_oie;bia_legacy;bia_0001_11;2;1;0;3;2;39
pt_oie;bia_legacy;bia_0001_12;0;3;1;3;1;33
pt_oie;bia_legacy;bia_0001_13;1;6;0;7;1;44
pt_oie;bia_legacy;bia_0001_14;1;0;0;1;1;26
pt_oie;bia_legacy;bia_0001_15;1;1;1;2;2;20
pt_oie;bia_legacy;bia_0001_16;2;3;2;5;4;47
pt_oie;bia_legacy;bia_0001_17;2;1;1;3;3;24
pt_oie;bia_legacy;bia_0001_18;2;1;0;3;2;54
pt_oie;bia_legacy;bia_0001_19;1;5;0;6;1;52
pt_oie;bia_legacy;bia_0001_20;1;3;1;4;2;48
pt_oie;bia_legacy;bia_0001_21;1;3;2;4;3;23
pt_oie;bia_legacy;bia_0001_22;0;2;2;2;2;25
pt_oie;bia_legacy;bia_0001_23;2;0;1;2;3;46
pt_oie;bia_legacy;bia_0001_24;1;0;0;1;1;36
pt_oie;bia_legacy;bia_0001_25;2;5;1;7;3;52
pt_oie;bia_legacy;bia_0001_26;1;0;0;1;1;45
pt_oie;bia_legacy;bia_0001_27;1;1;0;2;1;44
pt_oie;bia_legacy;bia_0001_28;2;0;0;2;2;38
pt_oie;bia_legacy;bia_0001_29;0;0;1;0;1;24
pt_oie;bia_legacy;bia_0001_30;0;1;1;1;1;20
pt_oie;bia_legacy;bia_0001_31;1;0;1;1;2;24
pt_oie;bia_legacy;bia_0001_32;1;1;0;2;1;18
pt_oie;bia_legacy;bia_0001_33;0;4;1;4;1;33
pt_oie;bia_legacy;bia_0001_34;0;2;1;2;1;27
pt_oie;bia_legacy;bia_0001_35;1;0;0;1;1;21
pt_oie;bia_legacy;bia_0001_36;1;0;0;1;1;68
pt_oie;bia_legacy;bia_0001_37;2;1;0;3;2;22
pt_oie;bia_legacy;bia_0001_38;2;2;0;4;2;27
pt_oie;bia_legacy;bia_0001_39;2;2;2;4;4;32
pt_oie;bia_legacy;bia_0001_40;1;0;0;1;1;39
pt_oie;bia_legacy;bia_0001_41;1;0;0;1;1;17
pt_oie;bia_legacy;bia_0001_42;1;0;0;1;1;32
pt_oie;bia_legacy;bia_0001_43;2;1;0;3;2;52
pt_oie;bia_legacy;bia_0001_44;0;1;1;1;1;47
pt_oie;bia_legacy;bia_0001_45;1;3;1;4;2;67
pt_oie;bia_legacy;bia_0001_46;0;3;2;3;2;21
pt_oie;bia_legacy;bia_0001_47;1;0;1;1;2;30
pt_oie;bia_legacy;bia_0001_48;1;2;1;3;2;42
pt_oie;bia_legacy;bia_0001_49;0;1;3;1;3;49
pt_oie;bia_legacy;bia_0001_50;1;0;0;1;1;18
pt_oie;bia_legacy;bia_0001_51;1;0;0;1;1;71
pt_oie;bia_legacy;bia_0001_52;1;2;2;3;3;46
pt_oie;bia_legacy;bia_0001_53;1;1;0;2;1;20
pt_oie;bia_legacy;bia_0001_54;1;3;0;4;1;19
pt_oie;bia_legacy;bia_0001_55;1;2;1;3;2;12
pt_oie;bia_legacy;bia_0001_56;1;0;0;1;1;37
pt_oie;bia_legacy;bia_0001_57;1;1;0;2;1;18
pt_oie;bia_legacy;bia_0001_58;1;1;0;2;1;49
pt_oie;bia_legacy;bia_0001_59;0;0;1;0;1;22
pt_oie;bia_legacy;bia_0001_60;0;0;2;0;2;44
pt_oie;bia_legacy;bia_0001_61;1;0;1;1;2;22
pt_oie;bia_legacy;bia_0001_62;1;0;0;1;1;26
pt_oie;bia_legacy;bia_0001_63;1;0;0;1;1;26
pt_oie;bia_legacy;bia_0001_64;0;1;1;1;1;19
pt_oie;bia_legacy;bia_0001_65;0;1;3;1;3;42
pt_oie;bia_legacy;bia_0001_66;1;1;0;2;1;15
pt_oie;bia_legacy;bia_0001_67;0;0;1;0;1;6
pt_oie;bia_legacy;bia_0001_68;1;0;0;1;1;9
pt_oie;bia_legacy;bia_0001_69;1;0;1;1;2;26
pt_oie;bia_legacy;bia_0001_70;1;1;1;2;2;14
pt_oie;bia_legacy;bia_0001_71;2;0;0;2;2;32
pt_oie;bia_legacy;bia_0001_72;1;1;0;2;1;41
pt_oie;bia_legacy;bia_0001_73;1;0;1;1;2;17
pt_oie;bia_legacy;bia_0001_74;1;1;0;2;1;13
pt_oie;bia_legacy;bia_0001_75;0;1;1;1;1;35
pt_oie;bia_legacy;bia_0001_76;1;1;2;2;3;33
pt_oie;bia_legacy;bia_0001_77;1;1;0;2;1;31
pt_oie;bia_legacy;bia_0001_78;1;1;0;2;1;24
pt_oie;bia_legacy;bia_0001_79;2;1;1;3;3;33
pt_oie;bia_legacy;bia_0001_80;1;2;0;3;1;20
pt_oie;bia_legacy;bia_0001_81;1;1;0;2;1;12
pt_oie;bia_legacy;bia_0001_82;1;0;1;1;2;39
pt_oie;bia_legacy;bia_0001_83;1;1;0;2;1;20
pt_oie;bia_legacy;bia_0001_84;2;1;0;3;2;19
pt_oie;bia_legacy;bia_0001_85;0;4;1;4;1;30
pt_oie;bia_legacy;bia_0001_86;0;0;2;0;2;18
pt_oie;bia_legacy;bia_0001_87;3;1;0;4;3;54
pt_oie;bia_legacy;bia_0001_88;1;1;1;2;2;20
pt_oie;bia_legacy;bia_0001_89;0;2;2;2;2;44
pt_oie;bia_legacy;bia_0001_90;1;0;1;1;2;44
pt_oie;bia_legacy;bia_0001_91;1;0;1;1;2;22
pt_oie;bia_legacy;bia_0001_92;0;1;1;1;1;18
pt_oie;bia_legacy;bia_0001_93;0;3;2;3;2;23
pt_oie;bia_legacy;bia_0001_94;2;0;1;2;3;20
pt_oie;bia_legacy;bia_0001_95;1;1;1;2;2;15
pt_oie;bia_legacy;bia_0001_96;4;0;0;4;4;17
pt_oie;bia_legacy;bia_0001_97;0;0;1;0;1;31
pt_oie;bia_legacy;bia_0001_98;0;1;1;1;1;15
pt_oie;bia_legacy;bia_0001_99;1;0;1;1;2;30
pt_oie;bia_legacy;bia_0001_100;0;1;1;1;1;38
pt_oie;bia_legacy;bia_0001_101;1;3;0;4;1;35
pt_oie;bia_legacy;bia_0001_102;1;2;0;3;1;52
pt_oie;bia_legacy;bia_0001_103;1;2;1;3;2;41
pt_oie;bia_legacy;bia_0001_104;2;1;0;3;2;48
pt_oie;bia_legacy;bia_0001_105;1;1;0;2;1;10
pt_oie;bia_legacy;bia_0001_106;0;2;1;2;1;42
pt_oie;bia_legacy;bia_0001_107;1;0;0;1;1;20
pt_oie;bia_legacy;bia_0001_108;1;2;0;3;1;37
pt_oie;bia_legacy;bia_0001_109;1;0;1;1;2;39
pt_oie;bia_legacy;bia_0001_110;0;2;1;2;1;66
pt_oie;bia_legacy;bia_0001_111;0;6;3;6;3;66
pt_oie;bia_legacy;bia_0001_112;2;1;0;3;2;11
pt_oie;bia_legacy;bia_0001_113;0;3;3;3;3;44
pt_oie;bia_legacy;bia_0001_114;0;0;2;0;2;53
pt_oie;bia_legacy;bia_0001_115;1;1;0;2;1;39
pt_oie;bia_legacy;bia_0001_116;1;0;1;1;2;25
pt_oie;bia_legacy;bia_0001_117;3;0;1;3;4;42
pt_oie;bia_legacy;bia_0001_118;1;2;0;3;1;15
pt_oie;bia_legacy;bia_0001_119;3;2;6;5;9;61
pt_oie;bia_legacy;bia_0001_120;1;1;0;2;1;56
pt_oie;bia_legacy;bia_0001_121;0;1;2;1;2;19
pt_oie;bia_legacy;bia_0001_122;1;0;0;1;1;53
pt_oie;bia_legacy;bia_0001_123;0;0;2;0;2;34
pt_oie;bia_legacy;bia_0001_124;1;4;1;5;2;52
pt_oie;bia_legacy;bia_0001_125;4;2;0;6;4;39
pt_oie;bia_legacy;bia_0001_126;1;3;1;4;2;34
pt_oie;bia_legacy;bia_0001_127;1;0;0;1;1;22
pt_oie;bia_legacy;bia_0001_128;1;2;0;3;1;43
pt_oie;bia_legacy;bia_0001_129;1;0;0;1;1;15
pt_oie;bia_legacy;bia_0001_130;1;0;1;1;2;15
pt_oie;bia_legacy;bia_0001_131;1;0;0;1;1;24
pt_oie;bia_legacy;bia_0001_132;1;1;1;2;2;33
pt_oie;bia_legacy;bia_0001_133;2;1;0;3;2;15
pt_oie;bia_legacy;bia_0001_134;3;4;1;7;4;56
pt_oie;bia_legacy;bia_0001_135;1;0;0;1;1;31
pt_oie;bia_legacy;bia_0001_136;1;0;0;1;1;19
pt_oie;bia_legacy;bia_0001_137;1;0;1;1;2;30
pt_oie;bia_legacy;bia_0001_138;0;1;2;1;2;54
pt_oie;bia_legacy;bia_0001_139;1;0;0;1;1;21
pt_oie;bia_legacy;bia_0001_140;1;0;0;1;1;15
pt_oie;bia_legacy;bia_0001_141;1;0;0;1;1;21
pt_oie;bia_legacy;bia_0001_142;1;0;0;1;1;50
pt_oie;bia_legacy;bia_0001_143;1;0;0;1;1;53
pt_oie;bia_legacy;bia_0001_144;1;2;0;3;1;34
pt_oie;bia_legacy;bia_0001_145;1;0;1;1;2;16
pt_oie;bia_legacy;bia_0001_146;3;1;0;4;3;48
pt_oie;bia_legacy;bia_0001_147;2;2;0;4;2;51
pt_oie;bia_legacy;bia_0001_148;1;1;0;2;1;12
pt_oie;bia_legacy;bia_0001_149;2;0;1;2;3;35
pt_oie;bia_legacy;bia_0001_150;1;0;0;1;1;18
pt_oie;bia_legacy;bia_0001_151;1;1;0;2;1;41
pt_oie;bia_legacy;bia_0001_152;0;3;1;3;1;36
pt_oie;bia_legacy;bia_0001_153;0;0;2;0;2;44
pt_oie;bia_legacy;bia_0001_154;1;1;0;2;1;38
pt_oie;bia_legacy;bia_0001_155;0;0;1;0;1;22
pt_oie;bia_legacy;bia_0001_156;0;3;1;3;1;34
pt_oie;bia_legacy;bia_0001_157;0;0;1;0;1;31
pt_oie;bia_legacy;bia_0001_158;3;1;0;4;3;26
pt_oie;bia_legacy;bia_0001_159;0;0;1;0;1;25
pt_oie;bia_legacy;bia_0001_160;1;0;0;1;1;24
pt_oie;bia_legacy;bia_0001_161;1;2;1;3;2;11
pt_oie;bia_legacy;bia_0001_162;1;2;0;3;1;35
pt_oie;bia_legacy;bia_0001_163;1;1;0;2;1;32
pt_oie;bia_legacy;bia_0001_164;3;1;0;4;3;23
pt_oie;bia_legacy;bia_0001_165;0;2;2;2;2;22
pt_oie;bia_legacy;bia_0001_166;1;1;1;2;2;41
pt_oie;bia_legacy;bia_0001_167;1;1;0;2;1;71
pt_oie;bia_legacy;bia_0001_168;1;1;1;2;2;28
pt_oie;bia_legacy;bia_0001_169;1;5;1;6;2;30
pt_oie;bia_legacy;bia_0001_170;1;2;0;3;1;66
pt_oie;bia_legacy;bia_0001_171;1;1;1;2;2;32
pt_oie;bia_legacy;bia_0001_172;1;2;0;3;1;35
pt_oie;bia_legacy;bia_0001_173;0;1;1;1;1;21
pt_oie;bia_legacy;bia_0001_174;1;0;0;1;1;19
pt_oie;bia_legacy;bia_0001_175;2;2;1;4;3;26
pt_oie;bia_legacy;bia_0001_176;1;2;0;3;1;23
pt_oie;bia_legacy;bia_0001_177;1;0;0;1;1;16
pt_oie;bia_legacy;bia_0001_178;1;4;0;5;1;36
pt_oie;bia_legacy;bia_0001_179;0;0;2;0;2;44
pt_oie;bia_legacy;bia_0001_180;1;0;0;1;1;21
pt_oie;bia_legacy;bia_0001_181;1;0;0;1;1;16
pt_oie;bia_legacy;bia_0001_182;1;0;0;1;1;49
pt_oie;bia_legacy;bia_0001_183;1;0;1;1;2;39
pt_oie;bia_legacy;bia_0001_184;1;0;0;1;1;20
pt_oie;bia_legacy;bia_0001_185;1;0;0;1;1;10
pt_oie;bia_legacy;bia_0001_186;1;0;0;1;1;22
pt_oie;bia_legacy;bia_0001_187;0;0;2;0;2;34
pt_oie;bia_legacy;bia_0001_188;1;1;0;2;1;35
pt_oie;bia_legacy;bia_0001_189;1;1;1;2;2;54
pt_oie;bia_legacy;bia_0001_190;0;2;1;2;1;36
pt_oie;bia_legacy;bia_0001_191;1;0;0;1;1;17
pt_oie;bia_legacy;bia_0001_192;1;0;0;1;1;11
pt_oie;bia_legacy;bia_0001_193;1;2;1;3;2;30
pt_oie;bia_legacy;bia_0001_194;2;0;0;2;2;10
pt_oie;bia_legacy;bia_0001_195;0;1;2;1;2;57
pt_oie;bia_legacy;bia_0001_196;1;1;1;2;2;16
pt_oie;bia_legacy;bia_0001_197;1;2;0;3;1;32
pt_oie;bia_legacy;bia_0001_198;1;0;1;1;2;23
pt_oie;bia_legacy;bia_0001_199;0;0;1;0;1;37
pt_oie;bia_legacy;bia_0001_200;0;1;1;1;1;33
pt_oie;bia_legacy;bia_0001_201;3;4;0;7;3;24
pt_oie;bia_legacy;bia_0001_202;1;0;0;1;1;36
pt_oie;bia_legacy;bia_0001_203;0;1;1;1;1;14
pt_oie;bia_legacy;bia_0001_204;2;0;1;2;3;63
pt_oie;bia_legacy;bia_0001_205;0;0;2;0;2;34
pt_oie;bia_legacy;bia_0001_206;1;1;1;2;2;36
pt_oie;bia_legacy;bia_0001_207;0;1;1;1;1;25
pt_oie;bia_legacy;bia_0001_208;1;1;1;2;2;20
pt_oie;bia_legacy;bia_0001_209;0;2;1;2;1;20
pt_oie;bia_legacy;bia_0001_210;1;1;0;2;1;44
pt_oie;bia_legacy;bia_0001_211;1;0;0;1;1;20
pt_oie;bia_legacy;bia_0001_212;0;0;1;0;1;25
pt_oie;bia_legacy;bia_0001_213;1;0;0;1;1;58
pt_oie;bia_legacy;bia_0001_214;1;0;0;1;1;38
pt_oie;bia_legacy;bia_0001_215;1;2;0;3;1;19
pt_oie;bia_legacy;bia_0001_216;1;0;0;1;1;24
pt_oie;bia_legacy;bia_0001_217;0;1;1;1;1;39
pt_oie;bia_legacy;bia_0001_218;1;0;0;1;1;30
pt_oie;bia_legacy;bia_0001_219;1;0;0;1;1;20
pt_oie;bia_legacy;bia_0001_220;1;0;1;1;2;32
pt_oie;bia_legacy;bia_0001_221;1;1;1;2;2;18
pt_oie;bia_legacy;bia_0001_222;2;1;0;3;2;22
pt_oie;bia_legacy;bia_0001_223;1;0;0;1;1;29
pt_oie;bia_legacy;bia_0001_224;0;2;1;2;1;25
pt_oie;bia_legacy;bia_0001_225;1;0;1;1;2;40
pt_oie;bia_legacy;bia_0001_226;1;1;0;2;1;32
pt_oie;bia_legacy;bia_0001_227;2;4;0;6;2;50
pt_oie;bia_legacy;bia_0001_228;2;2;0;4;2;16
pt_oie;bia_legacy;bia_0001_229;1;0;0;1;1;36
pt_oie;bia_legacy;bia_0001_230;2;1;0;3;2;31
pt_oie;bia_legacy;bia_0001_231;1;1;0;2;1;42
pt_oie;bia_legacy;bia_0001_232;2;3;0;5;2;21
pt_oie;bia_legacy;bia_0001_233;1;2;0;3;1;13
pt_oie;bia_legacy;bia_0001_234;1;2;1;3;2;54
pt_oie;bia_legacy;bia_0001_235;2;0;0;2;2;26
pt_oie;bia_legacy;bia_0001_236;1;2;0;3;1;25
pt_oie;bia_legacy;bia_0001_237;3;1;0;4;3;16
pt_oie;bia_legacy;bia_0001_238;1;0;1;1;2;32
pt_oie;bia_legacy;bia_0001_239;1;2;0;3;1;17
pt_oie;bia_legacy;bia_0001_240;1;0;0;1;1;30
pt_oie;bia_legacy;bia_0001_241;1;0;0;1;1;24
pt_oie;bia_legacy;bia_0001_242;0;2;1;2;1;34
pt_oie;bia_legacy;bia_0001_243;1;0;1;1;2;27
pt_oie;bia_legacy;bia_0001_244;1;0;0;1;1;24
pt_oie;bia_legacy;bia_0001_245;1;1;0;2;1;26
pt_oie;bia_legacy;bia_0001_246;1;0;1;1;2;38
pt_oie;bia_legacy;bia_0001_247;1;1;0;2;1;28
pt_oie;bia_legacy;bia_0001_248;1;1;0;2;1;29
pt_oie;bia_legacy;bia_0001_249;3;1;0;4;3;40
pt_oie;bia_legacy;bia_0001_250;0;0;1;0;1;29
pt_oie;bia_legacy;bia_0001_251;0;0;1;0;1;28
pt_oie;bia_legacy;bia_0001_252;0;1;2;1;2;18
pt_oie;bia_legacy;bia_0001_253;3;3;0;6;3;43
pt_oie;bia_legacy;bia_0001_254;1;1;1;2;2;35
pt_oie;bia_legacy;bia_0001_255;0;0;2;0;2;20
pt_oie;bia_legacy;bia_0001_256;0;0;1;0;1;17
pt_oie;bia_legacy;bia_0001_257;1;0;0;1;1;10
pt_oie;bia_legacy;bia_0001_258;1;1;0;2;1;44
pt_oie;bia_legacy;bia_0001_259;1;1;0;2;1;19
pt_oie;bia_legacy;bia_0001_260;1;1;1;2;2;29
pt_oie;bia_legacy;bia_0001_261;1;0;0;1;1;33
pt_oie;carb_style;bia_0001_00;1;0;1;1;2;19
pt_oie;carb_style;bia_0001_01;1;1;0;2;1;26
pt_oie;carb_style;bia_0001_02;1;0;1;1;2;33
pt_oie;carb_style;bia_0001_03;1;1;0;2;1;18
pt_oie;carb_style;bia_0001_04;3;5;0;8;3;58
pt_oie;carb_style;bia_0001_05;1;1;0;2;1;28
pt_oie;carb_style;bia_0001_06;1;1;0;2;1;37
pt_oie;carb_style;bia_0001_07;1;0;0;1;1;27
pt_oie;carb_style;bia_0001_08;2;2;0;4;2;27
pt_oie;carb_style;bia_0001_09;1;1;0;2;1;22
pt_oie;carb_style;bia_0001_10;2;1;3;3;5;28
pt_oie;carb_style;bia_0001_11;2;1;0;3;2;39
pt_oie;carb_style;bia_0001_12;1;2;0;3;1;33
pt_oie;carb_style;bia_0001_13;1;6;0;7;1;44
pt_oie;carb_style;bia_0001_14;1;0;0;1;1;26
pt_oie;carb_style;bia_0001_15;1;1;1;2;2;20
pt_oie;carb_style;bia_0001_16;4;1;0;5;4;47
pt_oie;carb_style;bia_0001_17;2;1;1;3;3;24
pt_oie;carb_style;bia_0001_18;2;1;0;3;2;54
pt_oie;carb_style;bia_0001_19;1;5;0;6;1;52
pt_oie;carb_style;bia_0001_20;1;3;1;4;2;48
pt_oie;carb_style;bia_0001_21;2;2;1;4;3;23
pt_oie;carb_style;bia_0001_22;0;2;2;2;2;25
pt_oie;carb_style;bia_0001_23;2;0;1;2;3;46
pt_oie;carb_style;bia_0001_24;1;0;0;1;1;36
pt_oie;carb_style;bia_0001_25;2;5;1;7;3;52
pt_oie;carb_style;bia_0001_26;1;0;0;1;1;45
pt_oie;carb_style;bia_0001_27;1;1;0;2;1;44
pt_oie;carb_style;bia_0001_28;2;0;0;2;2;38
pt_oie;carb_style;bia_0001_29;0;0;1;0;1;24
pt_oie;carb_style;bia_0001_30;0;1;1;1;1;20
pt_oie;carb_style;bia_0001_31;1;0;1;1;2;24
pt_oie;carb_style;bia_0001_32;1;1;0;2;1;18
pt_oie;carb_style;bia_0001_33;0;3;1;3;1;33
pt_oie;carb_style;bia_0001_34;0;2;1;2;1;27
pt_oie;carb_style;bia_0001_35;1;0;0;1;1;21
pt_oie;carb_style;bia_0001_36;1;0;0;1;1;68
pt_oie;carb_style;bia_0001_37;2;1;0;3;2;22
pt_oie;carb_style;bia_0001_38;2;0;0;2;2;27
pt_oie;carb_style;bia_0001_39;2;2;2;4;4;32
pt_oie;carb_style;bia_0001_40;1;0;0;1;1;39
pt_oie;carb_style;bia_0001_41;1;0;0;1;1;17
pt_oie;carb_style;bia_0001_42;1;0;0;1;1;32
pt_oie;carb_style;bia_0001_43;2;1;0;3;2;52
pt_oie;carb_style;bia_0001_44;0;1;1;1;1;47
pt_oie;carb_style;bia_0001_45;1;3;1;4;2;67
pt_oie;carb_style;bia_0001_46;1;1;1;2;2;21
pt_oie;carb_style;bia_0001_47;1;0;1;1;2;30
pt_oie;carb_style;bia_0001_48;1;2;1;3;2;42
pt_oie;carb_style;bia_0001_49;1;0;2;1;3;49
pt_oie;carb_style;bia_0001_50;1;0;0;1;1;18
pt_oie;carb_style;bia_0001_51;1;0;0;1;1;71
pt_oie;carb_style;bia_0001_52;1;2;2;3;3;46
pt_oie;carb_style;bia_0001_53;1;1;0;2;1;20
pt_oie;carb_style;bia_0001_54;1;3;0;4;1;19
pt_oie;carb_style;bia_0001_55;2;1;0;3;2;12
pt_oie;carb_style;bia_0001_56;1;0;0;1;1;37
pt_oie;carb_style;bia_0001_57;1;1;0;2;1;18
pt_oie;carb_style;bia_0001_58;1;1;0;2;1;49
pt_oie;carb_style;bia_0001_59;0;0;1;0;1;22
pt_oie;carb_style;bia_0001_60;0;0;2;0;2;44
pt_oie;carb_style;bia_0001_61;1;0;1;1;2;22
pt_oie;carb_style;bia_0001_62;1;0;0;1;1;26
pt_oie;carb_style;bia_0001_63;1;0;0;1;1;26
pt_oie;carb_style;bia_0001_64;1;0;0;1;1;19
pt_oie;carb_style;bia_0001_65;0;1;3;1;3;42
pt_oie;carb_style;bia_0001_66;1;1;0;2;1;15
pt_oie;carb_style;bia_0001_67;0;0;1;0;1;6
pt_oie;carb_style;bia_0001_68;1;0;0;1;1;9
pt_oie;carb_style;bia_0001_69;1;0;1;1;2;26
pt_oie;carb_style;bia_0001_70;2;0;0;2;2;14
pt_oie;carb_style;bia_0001_71;2;0;0;2;2;32
pt_oie;carb_style;bia_0001_72;1;1;0;2;1;41
pt_oie;carb_style;bia_0001_73;1;0;1;1;2;17
pt_oie;carb_style;bia_0001_74;1;1;0;2;1;13
pt_oie;carb_style;bia_0001_75;0;1;1;1;1;35
pt_oie;carb_style;bia_0001_76;2;0;1;2;3;33
pt_oie;carb_style;bia_0001_77;1;1;0;2;1;31
pt_oie;carb_style;bia_0001_78;1;1;0;2;1;24
pt_oie;carb_style;bia_0001_79;2;1;1;3;3;33
pt_oie;carb_style;bia_0001_80;1;2;0;3;1;20
pt_oie;carb_style;bia_0001_81;1;1;0;2;1;12
pt_oie;carb_style;bia_0001_82;1;0;1;1;2;39
pt_oie;carb_style;bia_0001_83;1;1;0;2;1;20
pt_oie;carb_style;bia_0001_84;2;1;0;3;2;19
pt_oie;carb_style;bia_0001_85;0;3;1;3;1;30
pt_oie;carb_style;bia_0001_86;0;0;2;0;2;18
pt_oie;carb_style;bia_0001_87;3;1;0;4;3;54
pt_oie;carb_style;bia_0001_88;1;1;1;2;2;20
pt_oie;carb_style;bia_0001_89;2;0;0;2;2;44
pt_oie;carb_style;bia_0001_90;1;0;1;1;2;44
pt_oie;carb_style;bia_0001_91;1;0;1;1;2;22
pt_oie;carb_style;bia_0001_92;0;1;1;1;1;18
pt_oie;carb_style;bia_0001_93;1;2;1;3;2;23
pt_oie;carb_style;bia_0001_94;2;0;1;2;3;20
pt_oie;carb_style;bia_0001_95;1;1;1;2;2;15
pt_oie;carb_style;bia_0001_96;4;0;0;4;4;17
pt_oie;carb_style;bia_0001_97;0;0;1;0;1;31
pt_oie;carb_style;bia_0001_98;0;1;1;1;1;15
pt_oie;carb_style;bia_0001_99;1;0;1;1;2;30
pt_oie;carb_style;bia_0001_100;0;1;1;1;1;38
pt_oie;carb_style;bia_0001_101;1;3;0;4;1;35
pt_oie;carb_style;bia_0001_102;1;2;0;3;1;52
pt_oie;carb_style;bia_0001_103;1;2;1;3;2;41
pt_oie;carb_style;bia_0001_104;2;1;0;3;2;48
pt_oie;carb_style;bia_0001_105;1;1;0;2;1;10
pt_oie;carb_style;bia_0001_106;1;1;0;2;1;42
pt_oie;carb_style;bia_0001_107;1;0;0;1;1;20
pt_oie;carb_style;bia_0001_108;1;2;0;3;1;37
pt_oie;carb_style;bia_0001_109;1;0;1;1;2;39
pt_oie;carb_style;bia_0001_110;0;2;1;2;1;66
pt_oie;carb_style;bia_0001_111;0;6;3;6;3;66
pt_oie;carb_style;bia_0001_112;2;1;0;3;2;11
pt_oie;carb_style;bia_0001_113;1;2;2;3;3;44
pt_oie;carb_style;bia_0001_114;0;0;2;0;2;53
pt_oie;carb_style;bia_0001_115;1;1;0;2;1;39
pt_oie;carb_style;bia_0001_116;1;0;1;1;2;25
pt_oie;carb_style;bia_0001_117;3;0;1;3;4;42
pt_oie;carb_style;bia_0001_118;1;2;0;3;1;15
pt_oie;carb_style;bia_0001_119;3;1;6;4;9;61
pt_oie;carb_style;bia_0001_120;1;1;0;2;1;56
pt_oie;carb_style;bia_0001_121;1;0;1;1;2;19
pt_oie;carb_style;bia_0001_122;1;0;0;1;1;53
pt_oie;carb_style;bia_0001_123;0;0;2;0;2;34
pt_oie;carb_style;bia_0001_124;2;3;0;5;2;52
pt_oie;carb_style;bia_0001_125;4;2;0;6;4;39
pt_oie;carb_style;bia_0001_126;2;2;0;4;2;34
pt_oie;carb_style;bia_0001_127;1;0;0;1;1;22
pt_oie;carb_style;bia_0001_128;1;2;0;3;1;43
pt_oie;carb_style;bia_0001_129;1;0;0;1;1;15
pt_oie;carb_style;bia_0001_130;1;0;1;1;2;15
pt_oie;carb_style;bia_0001_131;1;0;0;1;1;24
pt_oie;carb_style;bia_0001_132;1;1;1;2;2;33
pt_oie;carb_style;bia_0001_133;2;1;0;3;2;15
pt_oie;carb_style;bia_0001_134;3;3;1;6;4;56
pt_oie;carb_style;bia_0001_135;1;0;0;1;1;31
pt_oie;carb_style;bia_0001_136;1;0;0;1;1;19
pt_oie;carb_style;bia_0001_137;1;0;1;1;2;30
pt_oie;carb_style;bia_0001_138;0;1;2;1;2;54
pt_oie;carb_style;bia_0001_139;1;0;0;1;1;21
pt_oie;carb_style;bia_0001_140;1;0;0;1;1;15
pt_oie;carb_style;bia_0001_141;1;0;0;1;1;21
pt_oie;carb_style;bia_0001_142;1;0;0;1;1;50
pt_oie;carb_style;bia_0001_143;1;0;0;1;1;53
pt_oie;carb_style;bia_0001_144;1;2;0;3;1;34
pt_oie;carb_style;bia_0001_145;1;0;1;1;2;16
pt_oie;carb_style;bia_0001_146;3;1;0;4;3;48
pt_oie;carb_style;bia_0001_147;2;2;0;4;2;51
pt_oie;carb_style;bia_0001_148;1;1;0;2;1;12
pt_oie;carb_style;bia_0001_149;2;0;1;2;3;35
pt_oie;carb_style;bia_0001_150;1;0;0;1;1;18
pt_oie;carb_style;bia_0001_151;1;1;0;2;1;41
pt_oie;carb_style;bia_0001_152;1;2;0;3;1;36
pt_oie;carb_style;bia_0001_153;0;0;2;0;2;44
pt_oie;carb_style;bia_0001_154;1;1;0;2;1;38
pt_oie;carb_style;bia_0001_155;0;0;1;0;1;22
pt_oie;carb_style;bia_0001_156;1;1;0;2;1;34
pt_oie;carb_style;bia_0001_157;0;0;1;0;1;31
pt_oie;carb_style;bia_0001_158;3;1;0;4;3;26
pt_oie;carb_style;bia_0001_159;0;0;1;0;1;25
pt_oie;carb_style;bia_0001_160;1;0;0;1;1;24
pt_oie;carb_style;bia_0001_161;1;1;1;2;2;11
pt_oie;carb_style;bia_0001_162;1;2;0;3;1;35
pt_oie;carb_style;bia_0001_163;1;1;0;2;1;32
pt_oie;carb_style;bia_0001_164;3;1;0;4;3;23
pt_oie;carb_style;bia_0001_165;1;1;1;2;2;22
pt_oie;carb_style;bia_0001_166;1;1;1;2;2;41
pt_oie;carb_style;bia_0001_167;0;2;1;2;1;71
pt_oie;carb_style;bia_0001_168;1;1;1;2;2;28
pt_oie;carb_style;bia_0001_169;1;3;1;4;2;30
pt_oie;carb_style;bia_0001_170;1;2;0;3;1;66
pt_oie;carb_style;bia_0001_171;1;1;1;2;2;32
pt_oie;carb_style;bia_0001_172;1;2;0;3;1;35
pt_oie;carb_style;bia_0001_173;0;1;1;1;1;21
pt_oie;carb_style;bia_0001_174;1;0;0;1;1;19
pt_oie;carb_style;bia_0001_175;2;2;1;4;3;26
pt_oie;carb_style;bia_0001_176;1;2;0;3;1;23
pt_oie;carb_style;bia_0001_177;1;0;0;1;1;16
pt_oie;carb_style;bia_0001_178;1;4;0;5;1;36
pt_oie;carb_style;bia_0001_179;0;0;2;0;2;44
pt_oie;carb_style;bia_0001_180;1;0;0;1;1;21
pt_oie;carb_style;bia_0001_181;1;0;0;1;1;16
pt_oie;carb_style;bia_0001_182;1;0;0;1;1;49
pt_oie;carb_style;bia_0001_183;1;0;1;1;2;39
pt_oie;carb_style;bia_0001_184;1;0;0;1;1;20
pt_oie;carb_style;bia_0001_185;1;0;0;1;1;10
pt_oie;carb_style;bia_0001_186;1;0;0;1;1;22
pt_oie;carb_style;bia_0001_187;0;0;2;0;2;34
pt_oie;carb_style;bia_0001_188;1;1;0;2;1;35
pt_oie;carb_style;bia_0001_189;1;1;1;2;2;54
pt_oie;carb_style;bia_0001_190;0;2;1;2;1;36
pt_oie;carb_style;bia_0001_191;1;0;0;1;1;17
pt_oie;carb_style;bia_0001_192;1;0;0;1;1;11
pt_oie;carb_style;bia_0001_193;1;2;1;3;2;30
pt_oie;carb_style;bia_0001_194;2;0;0;2;2;10
pt_oie;carb_style;bia_0001_195;0;1;2;1;2;57
pt_oie;carb_style;bia_0001_196;1;1;1;2;2;16
pt_oie;carb_style;bia_0001_197;1;2;0;3;1;32
pt_oie;carb_style;bia_0001_198;1;0;1;1;2;23
pt_oie;carb_style;bia_0001_199;0;0;1;0;1;37
pt_oie;carb_style;bia_0001_200;1;0;0;1;1;33
pt_oie;carb_style;bia_0001_201;2;3;1;5;3;24
pt_oie;carb_style;bia_0001_202;1;0;0;1;1;36
pt_oie;carb_style;bia_0001_203;1;0;0;1;1;14
pt_oie;carb_style;bia_0001_204;2;0;1;2;3;63
pt_oie;carb_style;bia_0001_205;0;0;2;0;2;34
pt_oie;carb_style;bia_0001_206;2;0;0;2;2;36
pt_oie;carb_style;bia_0001_207;1;0;0;1;1;25
pt_oie;carb_style;bia_0001_208;1;1;1;2;2;20
pt_oie;carb_style;bia_0001_209;1;1;0;2;1;20
pt_oie;carb_style;bia_0001_210;1;1;0;2;1;44
pt_oie;carb_style;bia_0001_211;1;0;0;1;1;20
pt_oie;carb_style;bia_0001_212;0;0;1;0;1;25
pt_oie;carb_style;bia_0001_213;1;0;0;1;1;58
pt_oie;carb_style;bia_0001_214;1;0;0;1;1;38
pt_oie;carb_style;bia_0001_215;1;1;0;2;1;19
pt_oie;carb_style;bia_0001_216;1;0;0;1;1;24
pt_oie;carb_style;bia_0001_217;1;0;0;1;1;39
pt_oie;carb_style;bia_0001_218;1;0;0;1;1;30
pt_oie;carb_style;bia_0001_219;1;0;0;1;1;20
pt_oie;carb_style;bia_0001_220;1;0;1;1;2;32
pt_oie;carb_style;bia_0001_221;1;1;1;2;2;18
pt_oie;carb_style;bia_0001_222;2;1;0;3;2;22
pt_oie;carb_style;bia_0001_223;1;0;0;1;1;29
pt_oie;carb_style;bia_0001_224;1;1;0;2;1;25
pt_oie;carb_style;bia_0001_225;1;0;1;1;2;40
pt_oie;carb_style;bia_0001_226;1;1;0;2;1;32
pt_oie;carb_style;bia_0001_227;2;4;0;6;2;50
pt_oie;carb_style;bia_0001_228;2;1;0;3;2;16
pt_oie;carb_style;bia_0001_229;1;0;0;1;1;36
pt_oie;carb_style;bia_0001_230;2;1;0;3;2;31
pt_oie;carb_style;bia_0001_231;1;1;0;2;1;42
pt_oie;carb_style;bia_0001_232;2;2;0;4;2;21
pt_oie;carb_style;bia_0001_233;1;2;0;3;1;13
pt_oie;carb_style;bia_0001_234;1;2;1;3;2;54
pt_oie;carb_style;bia_0001_235;2;0;0;2;2;26
pt_oie;carb_style;bia_0001_236;1;2;0;3;1;25
pt_oie;carb_style;bia_0001_237;3;1;0;4;3;16
pt_oie;carb_style;bia_0001_238;1;0;1;1;2;32
pt_oie;carb_style;bia_0001_239;1;1;0;2;1;17
pt_oie;carb_style;bia_0001_240;1;0;0;1;1;30
pt_oie;carb_style;bia_0001_241;1;0;0;1;1;24
pt_oie;carb_style;bia_0001_242;1;1;0;2;1;34
pt_oie;carb_style;bia_0001_243;1;0;1;1;2;27
pt_oie;carb_style;bia_0001_244;1;0;0;1;1;24
pt_oie;carb_style;bia_0001_245;1;1;0;2;1;26
pt_oie;carb_style;bia_0001_246;1;0;1;1;2;38
pt_oie;carb_style;bia_0001_247;1;1;0;2;1;28
pt_oie;carb_style;bia_0001_248;1;1;0;2;1;29
pt_oie;carb_style;bia_0001_249;3;1;0;4;3;40
pt_oie;carb_style;bia_0001_250;0;0;1;0;1;29
pt_oie;carb_style;bia_0001_251;0;0;1;0;1;28
pt_oie;carb_style;bia_0001_252;0;1;2;1;2;18
pt_oie;carb_style;bia_0001_253;3;3;0;6;3;43
pt_oie;carb_style;bia_0001_254;1;1;1;2;2;35
pt_oie;carb_style;bia_0001_255;0;0;2;0;2;20
pt_oie;carb_style;bia_0001_256;0;0;1;0;1;17
pt_oie;carb_style;bia_0001_257;1;0;0;1;1;10
pt_oie;carb_style;bia_0001_258;1;1;0;2;1;44
pt_oie;carb_style;bia_0001_259;1;1;0;2;1;19
pt_oie;carb_style;bia_0001_260;1;1;1;2;2;29
pt_oie;carb_style;bia_0001_261;1;0;0;1;1;33
ud_baseline;strict;bia_0001_00;1;0;1;1;2;19
ud_baseline;strict;bia_0001_01;1;1;0;2;1;26
ud_baseline;strict;bia_0001_02;0;2;2;2;2;33
ud_baseline;strict;bia_0001_03;0;2;1;2;1;18
ud_baseline;strict;bia_0001_04;2;6;1;8;3;58
ud_baseline;strict;bia_0001_05;0;2;1;2;1;28
ud_baseline;strict;bia_0001_06;0;3;1;3;1;37
ud_baseline;strict;bia_0001_07;0;1;1;1;1;27
ud_baseline;strict;bia_0001_08;2;2;0;4;2;27
ud_baseline;strict;bia_0001_09;1;1;0;2;1;22
ud_baseline;strict;bia_0001_10;0;4;5;4;5;28
ud_baseline;strict;bia_0001_11;1;2;1;3;2;39
ud_baseline;strict;bia_0001_12;0;3;1;3;1;33
ud_baseline;strict;bia_0001_13;1;6;0;7;1;44
ud_baseline;strict;bia_0001_14;0;1;1;1;1;26
ud_baseline;strict;bia_0001_15;1;1;1;2;2;20
ud_baseline;strict;bia_0001_16;1;4;3;5;4;47
ud_baseline;strict;bia_0001_17;2;1;1;3;3;24
ud_baseline;strict;bia_0001_18;1;2;1;3;2;54
ud_baseline;strict;bia_0001_19;0;6;1;6;1;52
ud_baseline;strict;bia_0001_20;0;4;2;4;2;48
ud_baseline;strict;bia_0001_21;0;4;3;4;3;23
ud_baseline;strict;bia_0001_22;0;2;2;2;2;25
ud_baseline;strict;bia_0001_23;0;2;3;2;3;46
ud_baseline;strict;bia_0001_24;1;0;0;1;1;36
ud_baseline;strict;bia_0001_25;0;7;3;7;3;52
ud_baseline;strict;bia_0001_26;1;0;0;1;1;45
ud_baseline;strict;bia_0001_27;0;2;1;2;1;44
ud_baseline;strict;bia_0001_28;1;1;1;2;2;38
ud_baseline;strict;bia_0001_29;0;0;1;0;1;24
ud_baseline;strict;bia_0001_30;0;1;1;1;1;20
ud_baseline;strict;bia_0001_31;0;1;2;1;2;24
ud_baseline;strict;bia_0001_32;0;2;1;2;1;18
ud_baseline;strict;bia_0001_33;0;3;1;3;1;33
ud_baseline;strict;bia_0001_34;0;2;1;2;1;27
ud_baseline;strict;bia_0001_35;0;1;1;1;1;21
ud_baseline;strict;bia_0001_36;0;2;1;2;1;68
ud_baseline;strict;bia_0001_37;0;3;2;3;2;22
ud_baseline;strict;bia_0001_38;1;1;1;2;2;27
ud_baseline;strict;bia_0001_39;1;3;3;4;4;32
ud_baseline;strict;bia_0001_40;0;2;1;2;1;39
ud_baseline;strict;bia_0001_41;0;2;1;2;1;17
ud_baseline;strict;bia_0001_42;0;1;1;1;1;32
ud_baseline;strict;bia_0001_43;0;3;2;3;2;52
ud_baseline;strict;bia_0001_44;0;1;1;1;1;47
ud_baseline;strict;bia_0001_45;0;5;2;5;2;67
ud_baseline;strict;bia_0001_46;0;2;2;2;2;21
ud_baseline;strict;bia_0001_47;0;1;2;1;2;30
ud_baseline;strict;bia_0001_48;0;3;2;3;2;42
ud_baseline;strict;bia_0001_49;0;1;3;1;3;49
ud_baseline;strict;bia_0001_50;0;1;1;1;1;18
ud_baseline;strict;bia_0001_51;0;2;1;2;1;71
ud_baseline;strict;bia_0001_52;0;3;3;3;3;46
ud_baseline;strict;bia_0001_53;1;1;0;2;1;20
ud_baseline;strict;bia_0001_54;1;3;0;4;1;19
ud_baseline;strict;bia_0001_55;1;2;1;3;2;12
ud_baseline;strict;bia_0001_56;0;1;1;1;1;37
ud_baseline;strict;bia_0001_57;0;2;1;2;1;18
ud_baseline;strict;bia_0001_58;0;2;1;2;1;49
ud_baseline;strict;bia_0001_59;0;0;1;0;1;22
ud_baseline;strict;bia_0001_60;0;0;2;0;2;44
ud_baseline;strict;bia_0001_61;0;3;2;3;2;22
ud_baseline;strict;bia_0001_62;0;1;1;1;1;26
ud_baseline;strict;bia_0001_63;1;0;0;1;1;26
ud_baseline;strict;bia_0001_64;0;2;1;2;1;19
ud_baseline;strict;bia_0001_65;0;2;3;2;3;42
ud_baseline;strict;bia_0001_66;1;2;0;3;1;15
ud_baseline;strict;bia_0001_67;0;0;1;0;1;6
ud_baseline;strict;bia_0001_68;0;2;1;2;1;9
ud_baseline;strict;bia_0001_69;0;1;2;1;2;26
ud_baseline;strict;bia_0001_70;1;1;1;2;2;14
ud_baseline;strict;bia_0001_71;2;1;0;3;2;32
ud_baseline;strict;bia_0001_72;1;2;0;3;1;41
ud_baseline;strict;bia_0001_73;0;1;2;1;2;17
ud_baseline;strict;bia_0001_74;0;2;1;2;1;13
ud_baseline;strict;bia_0001_75;0;1;1;1;1;35
ud_baseline;strict;bia_0001_76;0;3;3;3;3;33
ud_baseline;strict;bia_0001_77;1;1;0;2;1;31
ud_baseline;strict;bia_0001_78;0;2;1;2;1;24
ud_baseline;strict;bia_0001_79;0;3;3;3;3;33
ud_baseline;strict;bia_0001_80;1;2;0;3;1;20
ud_baseline;strict;bia_0001_81;0;2;1;2;1;12
ud_baseline;strict;bia_0001_82;0;1;2;1;2;39
ud_baseline;strict;bia_0001_83;0;2;1;2;1;20
ud_baseline;strict;bia_0001_84;0;3;2;3;2;19
ud_baseline;strict;bia_0001_85;0;3;1;3;1;30
ud_baseline;strict;bia_0001_86;0;0;2;0;2;18
ud_baseline;strict;bia_0001_87;2;2;1;4;3;54
ud_baseline;strict;bia_0001_88;1;1;1;2;2;20
ud_baseline;strict;bia_0001_89;0;2;2;2;2;44
ud_baseline;strict;bia_0001_90;0;2;2;2;2;44
ud_baseline;strict;bia_0001_91;1;0;1;1;2;22
ud_baseline;strict;bia_0001_92;0;1;1;1;1;18
ud_baseline;strict;bia_0001_93;0;3;2;3;2;23
ud_baseline;strict;bia_0001_94;0;2;3;2;3;20
ud_baseline;strict;bia_0001_95;0;2;2;2;2;15
ud_baseline;strict;bia_0001_96;1;3;3;4;4;17
ud_baseline;strict;bia_0001_97;0;0;1;0;1;31
ud_baseline;strict;bia_0001_98;0;1;1;1;1;15
ud_baseline;strict;bia_0001_99;0;1;2;1;2;30
ud_baseline;strict;bia_0001_100;0;1;1;1;1;38
ud_baseline;strict;bia_0001_101;1;3;0;4;1;35
ud_baseline;strict;bia_0001_102;0;3;1;3;1;52
ud_baseline;strict;bia_0001_103;0;3;2;3;2;41
ud_baseline;strict;bia_0001_104;2;1;0;3;2;48
ud_baseline;strict;bia_0001_105;0;2;1;2;1;10
ud_baseline;strict;bia_0001_106;0;3;1;3;1;42
ud_baseline;strict;bia_0001_107;0;2;1;2;1;20
ud_baseline;strict;bia_0001_108;0;4;1;4;1;37
ud_baseline;strict;bia_0001_109;0;1;2;1;2;39
ud_baseline;strict;bia_0001_110;0;2;1;2;1;66
ud_baseline;strict;bia_0001_111;0;8;3;8;3;66
ud_baseline;strict;bia_0001_112;1;2;1;3;2;11
ud_baseline;strict;bia_0001_113;0;3;3;3;3;44
ud_baseline;strict;bia_0001_114;0;0;2;0;2;53
ud_baseline;strict;bia_0001_115;1;1;0;2;1;39
ud_baseline;strict;bia_0001_116;0;1;2;1;2;25
ud_baseline;strict;bia_0001_117;0;3;4;3;4;42
ud_baseline;strict;bia_0001_118;1;2;0;3;1;15
ud_baseline;strict;bia_0001_119;2;2;7;4;9;61
ud_baseline;strict;bia_0001_120;0;2;1;2;1;56
ud_baseline;strict;bia_0001_121;0;1;2;1;2;19
ud_baseline;strict;bia_0001_122;0;1;1;1;1;53
ud_baseline;strict;bia_0001_123;0;0;2;0;2;34
ud_baseline;strict;bia_0001_124;0;5;2;5;2;52
ud_baseline;strict;bia_0001_125;3;3;1;6;4;39
ud_baseline;strict;bia_0001_126;1;3;1;4;2;34
ud_baseline;strict;bia_0001_127;0;1;1;1;1;22
ud_baseline;strict;bia_0001_128;0;3;1;3;1;43
ud_baseline;strict;bia_0001_129;0;2;1;2;1;15
ud_baseline;strict;bia_0001_130;1;0;1;1;2;15
ud_baseline;strict;bia_0001_131;0;2;1;2;1;24
ud_baseline;strict;bia_0001_132;0;2;2;2;2;33
ud_baseline;strict;bia_0001_133;1;2;1;3;2;15
ud_baseline;strict;bia_0001_134;2;4;2;6;4;56
ud_baseline;strict;bia_0001_135;0;1;1;1;1;31
ud_baseline;strict;bia_0001_136;0;2;1;2;1;19
ud_baseline;strict;bia_0001_137;0;2;2;2;2;30
ud_baseline;strict;bia_0001_138;0;2;2;2;2;54
ud_baseline;strict;bia_0001_139;0;2;1;2;1;21
ud_baseline;strict;bia_0001_140;0;2;1;2;1;15
ud_baseline;strict;bia_0001_141;0;2;1;2;1;21
ud_baseline;strict;bia_0001_142;1;0;0;1;1;50
ud_baseline;strict;bia_0001_143;1;0;0;1;1;53
ud_baseline;strict;bia_0001_144;1;2;0;3;1;34
ud_baseline;strict;bia_0001_145;0;1;2;1;2;16
ud_baseline;strict;bia_0001_146;1;3;2;4;3;48
ud_baseline;strict;bia_0001_147;0;4;2;4;2;51
ud_baseline;strict;bia_0001_148;1;1;0;2;1;12
ud_baseline;strict;bia_0001_149;0;2;3;2;3;35
ud_baseline;strict;bia_0001_150;0;1;1;1;1;18
ud_baseline;strict;bia_0001_151;0;2;1;2;1;41
ud_baseline;strict;bia_0001_152;0;3;1;3;1;36
ud_baseline;strict;bia_0001_153;0;0;2;0;2;44
ud_baseline;strict;bia_0001_154;1;1;0;2;1;38
ud_baseline;strict;bia_0001_155;0;0;1;0;1;22
ud_baseline;strict;bia_0001_156;0;2;1;2;1;34
ud_baseline;strict;bia_0001_157;0;0;1;0;1;31
ud_baseline;strict;bia_0001_158;2;2;1;4;3;26
ud_baseline;strict;bia_0001_159;0;0;1;0;1;25
ud_baseline;strict;bia_0001_160;0;1;1;1;1;24
ud_baseline;strict;bia_0001_161;0;2;2;2;2;11
ud_baseline;strict;bia_0001_162;0;3;1;3;1;35
ud_baseline;strict;bia_0001_163;1;1;0;2;1;32
ud_baseline;strict;bia_0001_164;2;2;1;4;3;23
ud_baseline;strict;bia_0001_165;0;2;2;2;2;22
ud_baseline;strict;bia_0001_166;0;2;2;2;2;41
ud_baseline;strict;bia_0001_167;0;5;1;5;1;71
ud_baseline;strict;bia_0001_168;0;2;2;2;2;28
ud_baseline;strict;bia_0001_169;0;4;2;4;2;30
ud_baseline;strict;bia_0001_170;1;2;0;3;1;66
ud_baseline;strict;bia_0001_171;1;1;1;2;2;32
ud_baseline;strict;bia_0001_172;0;3;1;3;1;35
ud_baseline;strict;bia_0001_173;0;1;1;1;1;21
ud_baseline;strict;bia_0001_174;0;1;1;1;1;19
ud_baseline;strict;bia_0001_175;0;7;3;7;3;26
ud_baseline;strict;bia_0001_176;0;3;1;3;1;23
ud_baseline;strict;bia_0001_177;0;2;1;2;1;16
ud_baseline;strict;bia_0001_178;0;5;1;5;1;36
ud_baseline;strict;bia_0001_179;0;0;2;0;2;44
ud_baseline;strict;bia_0001_180;0;2;1;2;1;21
ud_baseline;strict;bia_0001_181;0;2;1;2;1;16
ud_baseline;strict;bia_0001_182;0;1;1;1;1;49
ud_baseline;strict;bia_0001_183;0;2;2;2;2;39
ud_baseline;strict;bia_0001_184;0;1;1;1;1;20
ud_baseline;strict;bia_0001_185;1;0;0;1;1;10
ud_baseline;strict;bia_0001_186;0;2;1;2;1;22
ud_baseline;strict;bia_0001_187;0;0;2;0;2;34
ud_baseline;strict;bia_0001_188;1;1;0;2;1;35
ud_baseline;strict;bia_0001_189;0;2;2;2;2;54
ud_baseline;strict;bia_0001_190;0;2;1;2;1;36
ud_baseline;strict;bia_0001_191;0;1;1;1;1;17
ud_baseline;strict;bia_0001_192;0;1;1;1;1;11
ud_baseline;strict;bia_0001_193;1;2;1;3;2;30
ud_baseline;strict;bia_0001_194;1;1;1;2;2;10
ud_baseline;strict;bia_0001_195;0;1;2;1;2;57
ud_baseline;strict;bia_0001_196;1;1;1;2;2;16
ud_baseline;strict;bia_0001_197;1;2;0;3;1;32
ud_baseline;strict;bia_0001_198;0;1;2;1;2;23
ud_baseline;strict;bia_0001_199;0;0;1;0;1;37
ud_baseline;strict;bia_0001_200;0;2;1;2;1;33
ud_baseline;strict;bia_0001_201;0;5;3;5;3;24
ud_baseline;strict;bia_0001_202;0;2;1;2;1;36
ud_baseline;strict;bia_0001_203;0;2;1;2;1;14
ud_baseline;strict;bia_0001_204;0;3;3;3;3;63
ud_baseline;strict;bia_0001_205;0;0;2;0;2;34
ud_baseline;strict;bia_0001_206;0;2;2;2;2;36
ud_baseline;strict;bia_0001_207;0;2;1;2;1;25
ud_baseline;strict;bia_0001_208;0;2;2;2;2;20
ud_baseline;strict;bia_0001_209;0;2;1;2;1;20
ud_baseline;strict;bia_0001_210;0;2;1;2;1;44
ud_baseline;strict;bia_0001_211;0;2;1;2;1;20
ud_baseline;strict;bia_0001_212;0;0;1;0;1;25
ud_baseline;strict;bia_0001_213;0;1;1;1;1;58
ud_baseline;strict;bia_0001_214;0;1;1;1;1;38
ud_baseline;strict;bia_0001_215;1;1;0;2;1;19
ud_baseline;strict;bia_0001_216;0;2;1;2;1;24
ud_baseline;strict;bia_0001_217;0;2;1;2;1;39
ud_baseline;strict;bia_0001_218;0;2;1;2;1;30
ud_baseline;strict;bia_0001_219;0;2;1;2;1;20
ud_baseline;strict;bia_0001_220;0;1;2;1;2;32
ud_baseline;strict;bia_0001_221;1;1;1;2;2;18
ud_baseline;strict;bia_0001_222;1;2;1;3;2;22
ud_baseline;strict;bia_0001_223;0;3;1;3;1;29
ud_baseline;strict;bia_0001_224;0;2;1;2;1;25
ud_baseline;strict;bia_0001_225;0;1;2;1;2;40
ud_baseline;strict;bia_0001_226;1;1;0;2;1;32
ud_baseline;strict;bia_0001_227;1;5;1;6;2;50
ud_baseline;strict;bia_0001_228;1;2;1;3;2;16
ud_baseline;strict;bia_0001_229;0;2;1;2;1;36
ud_baseline;strict;bia_0001_230;0;3;2;3;2;31
ud_baseline;strict;bia_0001_231;0;3;1;3;1;42
ud_baseline;strict;bia_0001_232;1;3;1;4;2;21
ud_baseline;strict;bia_0001_233;0;3;1;3;1;13
ud_baseline;strict;bia_0001_234;1;2;1;3;2;54
ud_baseline;strict;bia_0001_235;0;2;2;2;2;26
ud_baseline;strict;bia_0001_236;1;2;0;3;1;25
ud_baseline;strict;bia_0001_237;1;3;2;4;3;16
ud_baseline;strict;bia_0001_238;0;1;2;1;2;32
ud_baseline;strict;bia_0001_239;1;1;0;2;1;17
ud_baseline;strict;bia_0001_240;0;1;1;1;1;30
ud_baseline;strict;bia_0001_241;0;1;1;1;1;24
ud_baseline;strict;bia_0001_242;0;2;1;2;1;34
ud_baseline;strict;bia_0001_243;0;1;2;1;2;27
ud_baseline;strict;bia_0001_244;0;1;1;1;1;24
ud_baseline;strict;bia_0001_245;1;1;0;2;1;26
ud_baseline;strict;bia_0001_246;0;2;2;2;2;38
ud_baseline;strict;bia_0001_247;1;1;0;2;1;28
ud_baseline;strict;bia_0001_248;0;3;1;3;1;29
ud_baseline;strict;bia_0001_249;2;2;1;4;3;40
ud_baseline;strict;bia_0001_250;0;0;1;0;1;29
ud_baseline;strict;bia_0001_251;0;0;1;0;1;28
ud_baseline;strict;bia_0001_252;0;1;2;1;2;18
ud_baseline;strict;bia_0001_253;1;5;2;6;3;43
ud_baseline;strict;bia_0001_254;0;2;2;2;2;35
ud_baseline;strict;bia_0001_255;0;0;2;0;2;20
ud_baseline;strict;bia_0001_256;0;0;1;0;1;17
ud_baseline;strict;bia_0001_257;1;0;0;1;1;10
ud_baseline;strict;bia_0001_258;0;2;1;2;1;44
ud_baseline;strict;bia_0001_259;0;2;1;2;1;19
ud_baseline;strict;bia_0001_260;1;1;1;2;2;29
ud_baseline;strict;bia_0001_261;0;3;1;3;1;33
ud_baseline;tolerant;bia_0001_00;1;0;1;1;2;19
ud_baseline;tolerant;bia_0001_01;1;1;0;2;1;26
ud_baseline;tolerant;bia_0001_02;0;2;2;2;2;33
ud_baseline;tolerant;bia_0001_03;0;2;1;2;1;18
ud_baseline;tolerant;bia_0001_04;3;5;0;8;3;58
ud_baseline;tolerant;bia_0001_05;0;2;1;2;1;28
ud_baseline;tolerant;bia_0001_06;0;3;1;3;1;37
ud_baseline;tolerant;bia_0001_07;0;1;1;1;1;27
ud_baseline;tolerant;bia_0001_08;2;2;0;4;2;27
ud_baseline;tolerant;bia_0001_09;1;1;0;2;1;22
ud_baseline;tolerant;bia_0001_10;1;3;4;4;5;28
ud_baseline;tolerant;bia_0001_11;1;2;1;3;2;39
ud_baseline;tolerant;bia_0001_12;0;3;1;3;1;33
ud_baseline;tolerant;bia_0001_13;1;6;0;7;1;44
ud_baseline;tolerant;bia_0001_14;0;1;1;1;1;26
ud_baseline;tolerant;bia_0001_15;1;1;1;2;2;20
ud_baseline;tolerant;bia_0001_16;1;4;3;5;4;47
ud_baseline;tolerant;bia_0001_17;2;1;1;3;3;24
ud_baseline;tolerant;bia_0001_18;1;2;1;3;2;54
ud_baseline;tolerant;bia_0001_19;1;5;0;6;1;52
ud_baseline;tolerant;bia_0001_20;1;3;1;4;2;48
ud_baseline;tolerant;bia_0001_21;1;3;2;4;3;23
ud_baseline;tolerant;bia_0001_22;0;2;2;2;2;25
ud_baseline;tolerant;bia_0001_23;1;1;2;2;3;46
ud_baseline;tolerant;bia_0001_24;1;0;0;1;1;36
ud_baseline;tolerant;bia_0001_25;2;5;1;7;3;52
ud_baseline;tolerant;bia_0001_26;1;0;0;1;1;45
ud_baseline;tolerant;bia_0001_27;1;1;0;2;1;44
ud_baseline;tolerant;bia_0001_28;2;0;0;2;2;38
ud_baseline;tolerant;bia_0001_29;0;0;1;0;1;24
ud_baseline;tolerant;bia_0001_30;0;1;1;1;1;20
ud_baseline;tolerant;bia_0001_31;1;0;1;1;2;24
ud_baseline;tolerant;bia_0001_32;1;1;0;2;1;18
ud_baseline;tolerant;bia_0001_33;0;3;1;3;1;33
ud_baseline;tolerant;bia_0001_34;0;2;1;2;1;27
ud_baseline;tolerant;bia_0001_35;1;0;0;1;1;21
ud_baseline;tolerant;bia_0001_36;0;2;1;2;1;68
ud_baseline;tolerant;bia_0001_37;1;2;1;3;2;22
ud_baseline;tolerant;bia_0001_38;1;1;1;2;2;27
ud_baseline;tolerant;bia_0001_39;1;3;3;4;4;32
ud_baseline;tolerant;bia_0001_40;1;1;0;2;1;39
ud_baseline;tolerant;bia_0001_41;1;1;0;2;1;17
ud_baseline;tolerant;bia_0001_42;0;1;1;1;1;32
ud_baseline;tolerant;bia_0001_43;0;3;2;3;2;52
ud_baseline;tolerant;bia_0001_44;0;1;1;1;1;47
ud_baseline;tolerant;bia_0001_45;0;5;2;5;2;67
ud_baseline;tolerant;bia_0001_46;0;2;2;2;2;21
ud_baseline;tolerant;bia_0001_47;1;0;1;1;2;30
ud_baseline;tolerant;bia_0001_48;0;3;2;3;2;42
ud_baseline;tolerant;bia_0001_49;1;0;2;1;3;49
ud_baseline;tolerant;bia_0001_50;1;0;0;1;1;18
ud_baseline;tolerant;bia_0001_51;0;2;1;2;1;71
ud_baseline;tolerant;bia_0001_52;0;3;3;3;3;46
ud_baseline;tolerant;bia_0001_53;1;1;0;2;1;20
ud_baseline;tolerant;bia_0001_54;1;3;0;4;1;19
ud_baseline;tolerant;bia_0001_55;2;1;0;3;2;12
ud_baseline;tolerant;bia_0001_56;0;1;1;1;1;37
ud_baseline;tolerant;bia_0001_57;1;1;0;2;1;18
ud_baseline;tolerant;bia_0001_58;1;1;0;2;1;49
ud_baseline;tolerant;bia_0001_59;0;0;1;0;1;22
ud_baseline;tolerant;bia_0001_60;0;0;2;0;2;44
ud_baseline;tolerant;bia_0001_61;2;1;0;3;2;22
ud_baseline;tolerant;bia_0001_62;0;1;1;1;1;26
ud_baseline;tolerant;bia_0001_63;1;0;0;1;1;26
ud_baseline;tolerant;bia_0001_64;0;2;1;2;1;19
ud_baseline;tolerant;bia_0001_65;0;2;3;2;3;42
ud_baseline;tolerant;bia_0001_66;1;2;0;3;1;15
ud_baseline;tolerant;bia_0001_67;0;0;1;0;1;6
ud_baseline;tolerant;bia_0001_68;1;1;0;2;1;9
ud_baseline;tolerant;bia_0001_69;0;1;2;1;2;26
ud_baseline;tolerant;bia_0001_70;1;1;1;2;2;14
ud_baseline;tolerant;bia_0001_71;2;1;0;3;2;32
ud_baseline;tolerant;bia_0001_72;1;2;0;3;1;41
ud_baseline;tolerant;bia_0001_73;0;1;2;1;2;17
ud_baseline;tolerant;bia_0001_74;0;2;1;2;1;13
ud_baseline;tolerant;bia_0001_75;0;1;1;1;1;35
ud_baseline;tolerant;bia_0001_76;1;2;2;3;3;33
ud_baseline;tolerant;bia_0001_77;1;1;0;2;1;31
ud_baseline;tolerant;bia_0001_78;0;2;1;2;1;24
ud_baseline;tolerant;bia_0001_79;2;1;1;3;3;33
ud_baseline;tolerant;bia_0001_80;1;2;0;3;1;20
ud_baseline;tolerant;bia_0001_81;0;2;1;2;1;12
ud_baseline;tolerant;bia_0001_82;0;1;2;1;2;39
ud_baseline;tolerant;bia_0001_83;0;2;1;2;1;20
ud_baseline;tolerant;bia_0001_84;1;2;1;3;2;19
ud_baseline;tolerant;bia_0001_85;0;3;1;3;1;30
ud_baseline;tolerant;bia_0001_86;0;0;2;0;2;18
ud_baseline;tolerant;bia_0001_87;2;2;1;4;3;54
ud_baseline;tolerant;bia_0001_88;1;1;1;2;2;20
ud_baseline;tolerant;bia_0001_89;0;2;2;2;2;44
ud_baseline;tolerant;bia_0001_90;0;2;2;2;2;44
ud_baseline;tolerant;bia_0001_91;1;0;1;1;2;22
ud_baseline;tolerant;bia_0001_92;0;1;1;1;1;18
ud_baseline;tolerant;bia_0001_93;0;3;2;3;2;23
ud_baseline;tolerant;bia_0001_94;0;2;3;2;3;20
ud_baseline;tolerant;bia_0001_95;1;1;1;2;2;15
ud_baseline;tolerant;bia_0001_96;2;2;2;4;4;17
ud_baseline;tolerant;bia_0001_97;0;0;1;0;1;31
ud_baseline;tolerant;bia_0001_98;0;1;1;1;1;15
ud_baseline;tolerant;bia_0001_99;1;0;1;1;2;30
ud_baseline;tolerant;bia_0001_100;0;1;1;1;1;38
ud_baseline;tolerant;bia_0001_101;1;3;0;4;1;35
ud_baseline;tolerant;bia_0001_102;1;2;0;3;1;52
ud_baseline;tolerant;bia_0001_103;1;2;1;3;2;41
ud_baseline;tolerant;bia_0001_104;2;1;0;3;2;48
ud_baseline;tolerant;bia_0001_105;0;2;1;2;1;10
ud_baseline;tolerant;bia_0001_106;0;3;1;3;1;42
ud_baseline;tolerant;bia_0001_107;0;2;1;2;1;20
ud_baseline;tolerant;bia_0001_108;0;4;1;4;1;37
ud_baseline;tolerant;bia_0001_109;1;0;1;1;2;39
ud_baseline;tolerant;bia_0001_110;0;2;1;2;1;66
ud_baseline;tolerant;bia_0001_111;0;8;3;8;3;66
ud_baseline;tolerant;bia_0001_112;1;2;1;3;2;11
ud_baseline;tolerant;bia_0001_113;0;3;3;3;3;44
ud_baseline;tolerant;bia_0001_114;0;0;2;0;2;53
ud_baseline;tolerant;bia_0001_115;1;1;0;2;1;39
ud_baseline;tolerant;bia_0001_116;0;1;2;1;2;25
ud_baseline;tolerant;bia_0001_117;0;3;4;3;4;42
ud_baseline;tolerant;bia_0001_118;1;2;0;3;1;15
ud_baseline;tolerant;bia_0001_119;2;2;7;4;9;61
ud_baseline;tolerant;bia_0001_120;0;2;1;2;1;56
ud_baseline;tolerant;bia_0001_121;0;1;2;1;2;19
ud_baseline;tolerant;bia_0001_122;0;1;1;1;1;53
ud_baseline;tolerant;bia_0001_123;0;0;2;0;2;34
ud_baseline;tolerant;bia_0001_124;0;5;2;5;2;52
ud_baseline;tolerant;bia_0001_125;3;3;1;6;4;39
ud_baseline;tolerant;bia_0001_126;1;3;1;4;2;34
ud_baseline;tolerant;bia_0001_127;1;0;0;1;1;22
ud_baseline;tolerant;bia_0001_128;0;3;1;3;1;43
ud_baseline;tolerant;bia_0001_129;0;2;1;2;1;15
ud_baseline;tolerant;bia_0001_130;1;0;1;1;2;15
ud_baseline;tolerant;bia_0001_131;1;1;0;2;1;24
ud_baseline;tolerant;bia_0001_132;0;2;2;2;2;33
ud_baseline;tolerant;bia_0001_133;1;2;1;3;2;15
ud_baseline;tolerant;bia_0001_134;2;4;2;6;4;56
ud_baseline;tolerant;bia_0001_135;0;1;1;1;1;31
ud_baseline;tolerant;bia_0001_136;0;2;1;2;1;19
ud_baseline;tolerant;bia_0001_137;0;2;2;2;2;30
ud_baseline;tolerant;bia_0001_138;0;2;2;2;2;54
ud_baseline;tolerant;bia_0001_139;0;2;1;2;1;21
ud_baseline;tolerant;bia_0001_140;0;2;1;2;1;15
ud_baseline;tolerant;bia_0001_141;0;2;1;2;1;21
ud_baseline;tolerant;bia_0001_142;1;0;0;1;1;50
ud_baseline;tolerant;bia_0001_143;1;0;0;1;1;53
ud_baseline;tolerant;bia_0001_144;1;2;0;3;1;34
ud_baseline;tolerant;bia_0001_145;1;0;1;1;2;16
ud_baseline;tolerant;bia_0001_146;1;3;2;4;3;48
ud_baseline;tolerant;bia_0001_147;1;3;1;4;2;51
ud_baseline;tolerant;bia_0001_148;1;1;0;2;1;12
ud_baseline;tolerant;bia_0001_149;1;1;2;2;3;35
ud_baseline;tolerant;bia_0001_150;0;1;1;1;1;18
ud_baseline;tolerant;bia_0001_151;0;2;1;2;1;41
ud_baseline;tolerant;bia_0001_152;0;3;1;3;1;36
ud_baseline;tolerant;bia_0001_153;0;0;2;0;2;44
ud_baseline;tolerant;bia_0001_154;1;1;0;2;1;38
ud_baseline;tolerant;bia_0001_155;0;0;1;0;1;22
ud_baseline;tolerant;bia_0001_156;0;2;1;2;1;34
ud_baseline;tolerant;bia_0001_157;0;0;1;0;1;31
ud_baseline;tolerant;bia_0001_158;2;2;1;4;3;26
ud_baseline;tolerant;bia_0001_159;0;0;1;0;1;25
ud_baseline;tolerant;bia_0001_160;0;1;1;1;1;24
ud_baseline;tolerant;bia_0001_161;1;1;1;2;2;11
ud_baseline;tolerant;bia_0001_162;1;2;0;3;1;35
ud_baseline;tolerant;bia_0001_163;1;1;0;2;1;32
ud_baseline;tolerant;bia_0001_164;2;2;1;4;3;23
ud_baseline;tolerant;bia_0001_165;0;2;2;2;2;22
ud_baseline;tolerant;bia_0001_166;0;2;2;2;2;41
ud_baseline;tolerant;bia_0001_167;0;5;1;5;1;71
ud_baseline;tolerant;bia_0001_168;1;1;1;2;2;28
ud_baseline;tolerant;bia_0001_169;1;3;1;4;2;30
ud_baseline;tolerant;bia_0001_170;1;2;0;3;1;66
ud_baseline;tolerant;bia_0001_171;1;1;1;2;2;32
ud_baseline;tolerant;bia_0001_172;0;3;1;3;1;35
ud_baseline;tolerant;bia_0001_173;0;1;1;1;1;21
ud_baseline;tolerant;bia_0001_174;0;1;1;1;1;19
ud_baseline;tolerant;bia_0001_175;1;6;2;7;3;26
ud_baseline;tolerant;bia_0001_176;1;2;0;3;1;23
ud_baseline;tolerant;bia_0001_177;1;1;0;2;1;16
ud_baseline;tolerant;bia_0001_178;0;5;1;5;1;36
ud_baseline;tolerant;bia_0001_179;0;0;2;0;2;44
ud_baseline;tolerant;bia_0001_180;1;1;0;2;1;21
ud_baseline;tolerant;bia_0001_181;1;1;0;2;1;16
ud_baseline;tolerant;bia_0001_182;0;1;1;1;1;49
ud_baseline;tolerant;bia_0001_183;1;1;1;2;2;39
ud_baseline;tolerant;bia_0001_184;0;1;1;1;1;20
ud_baseline;tolerant;bia_0001_185;1;0;0;1;1;10
ud_baseline;tolerant;bia_0001_186;0;2;1;2;1;22
ud_baseline;tolerant;bia_0001_187;0;0;2;0;2;34
ud_baseline;tolerant;bia_0001_188;1;1;0;2;1;35
ud_baseline;tolerant;bia_0001_189;0;2;2;2;2;54
ud_baseline;tolerant;bia_0001_190;0;2;1;2;1;36
ud_baseline;tolerant;bia_0001_191;0;1;1;1;1;17
ud_baseline;tolerant;bia_0001_192;0;1;1;1;1;11
ud_baseline;tolerant;bia_0001_193;1;2;1;3;2;30
ud_baseline;tolerant;bia_0001_194;1;1;1;2;2;10
ud_baseline;tolerant;bia_0001_195;0;1;2;1;2;57
ud_baseline;tolerant;bia_0001_196;1;1;1;2;2;16
ud_baseline;tolerant;bia_0001_197;1;2;0;3;1;32
ud_baseline;tolerant;bia_0001_198;0;1;2;1;2;23
ud_baseline;tolerant;bia_0001_199;0;0;1;0;1;37
ud_baseline;tolerant;bia_0001_200;0;2;1;2;1;33
ud_baseline;tolerant;bia_0001_201;1;4;2;5;3;24
ud_baseline;tolerant;bia_0001_202;1;1;0;2;1;36
ud_baseline;tolerant;bia_0001_203;0;2;1;2;1;14
ud_baseline;tolerant;bia_0001_204;0;3;3;3;3;63
ud_baseline;tolerant;bia_0001_205;0;0;2;0;2;34
ud_baseline;tolerant;bia_0001_206;0;2;2;2;2;36
ud_baseline;tolerant;bia_0001_207;0;2;1;2;1;25
ud_baseline;tolerant;bia_0001_208;0;2;2;2;2;20
ud_baseline;tolerant;bia_0001_209;1;1;0;2;1;20
ud_baseline;tolerant;bia_0001_210;0;2;1;2;1;44
ud_baseline;tolerant;bia_0001_211;0;2;1;2;1;20
ud_baseline;tolerant;bia_0001_212;0;0;1;0;1;25
ud_baseline;tolerant;bia_0001_213;0;1;1;1;1;58
ud_baseline;tolerant;bia_0001_214;0;1;1;1;1;38
ud_baseline;tolerant;bia_0001_215;1;1;0;2;1;19
ud_baseline;tolerant;bia_0001_216;1;1;0;2;1;24
ud_baseline;tolerant;bia_0001_217;0;2;1;2;1;39
ud_baseline;tolerant;bia_0001_218;1;1;0;2;1;30
ud_baseline;tolerant;bia_0001_219;0;2;1;2;1;20
ud_baseline;tolerant;bia_0001_220;1;0;1;1;2;32
ud_baseline;tolerant;bia_0001_221;1;1;1;2;2;18
ud_baseline;tolerant;bia_0001_222;1;2;1;3;2;22
ud_baseline;tolerant;bia_0001_223;1;2;0;3;1;29
ud_baseline;tolerant;bia_0001_224;0;2;1;2;1;25
ud_baseline;tolerant;bia_0001_225;0;1;2;1;2;40
ud_baseline;tolerant;bia_0001_226;1;1;0;2;1;32
ud_baseline;tolerant;bia_0001_227;1;5;1;6;2;50
ud_baseline;tolerant;bia_0001_228;1;2;1;3;2;16
ud_baseline;tolerant;bia_0001_229;1;1;0;2;1;36
ud_baseline;tolerant;bia_0001_230;2;1;0;3;2;31
ud_baseline;tolerant;bia_0001_231;0;3;1;3;1;42
ud_baseline;tolerant;bia_0001_232;1;3;1;4;2;21
ud_baseline;tolerant;bia_0001_233;1;2;0;3;1;13
ud_baseline;tolerant;bia_0001_234;1;2;1;3;2;54
ud_baseline;tolerant;bia_0001_235;1;1;1;2;2;26
ud_baseline;tolerant;bia_0001_236;1;2;0;3;1;25
ud_baseline;tolerant;bia_0001_237;2;2;1;4;3;16
ud_baseline;tolerant;bia_0001_238;0;1;2;1;2;32
ud_baseline;tolerant;bia_0001_239;1;1;0;2;1;17
ud_baseline;tolerant;bia_0001_240;1;0;0;1;1;30
ud_baseline;tolerant;bia_0001_241;0;1;1;1;1;24
ud_baseline;tolerant;bia_0001_242;0;2;1;2;1;34
ud_baseline;tolerant;bia_0001_243;0;1;2;1;2;27
ud_baseline;tolerant;bia_0001_244;0;1;1;1;1;24
ud_baseline;tolerant;bia_0001_245;1;1;0;2;1;26
ud_baseline;tolerant;bia_0001_246;0;2;2;2;2;38
ud_baseline;tolerant;bia_0001_247;1;1;0;2;1;28
ud_baseline;tolerant;bia_0001_248;0;3;1;3;1;29
ud_baseline;tolerant;bia_0001_249;2;2;1;4;3;40
ud_baseline;tolerant;bia_0001_250;0;0;1;0;1;29
ud_baseline;tolerant;bia_0001_251;0;0;1;0;1;28
ud_baseline;tolerant;bia_0001_252;0;1;2;1;2;18
ud_baseline;tolerant;bia_0001_253;2;4;1;6;3;43
ud_baseline;tolerant;bia_0001_254;0;2;2;2;2;35
ud_baseline;tolerant;bia_0001_255;0;0;2;0;2;20
ud_baseline;tolerant;bia_0001_256;0;0;1;0;1;17
ud_baseline;tolerant;bia_0001_257;1;0;0;1;1;10
ud_baseline;tolerant;bia_0001_258;0;2;1;2;1;44
ud_baseline;tolerant;bia_0001_259;1;1;0;2;1;19
ud_baseline;tolerant;bia_0001_260;1;1;1;2;2;29
ud_baseline;tolerant;bia_0001_261;1;2;0;3;1;33
ud_baseline;bia_legacy;bia_0001_00;2;0;0;2;2;19
ud_baseline;bia_legacy;bia_0001_01;1;1;0;2;1;26
ud_baseline;bia_legacy;bia_0001_02;2;0;0;2;2;33
ud_baseline;bia_legacy;bia_0001_03;1;1;0;2;1;18
ud_baseline;bia_legacy;bia_0001_04;3;5;0;8;3;58
ud_baseline;bia_legacy;bia_0001_05;0;2;1;2;1;28
ud_baseline;bia_legacy;bia_0001_06;1;2;0;3;1;37
ud_baseline;bia_legacy;bia_0001_07;1;0;0;1;1;27
ud_baseline;bia_legacy;bia_0001_08;2;2;0;4;2;27
ud_baseline;bia_legacy;bia_0001_09;1;1;0;2;1;22
ud_baseline;bia_legacy;bia_0001_10;3;1;2;4;5;28
ud_baseline;bia_legacy;bia_0001_11;2;1;0;3;2;39
ud_baseline;bia_legacy;bia_0001_12;0;3;1;3;1;33
ud_baseline;bia_legacy;bia_0001_13;1;6;0;7;1;44
ud_baseline;bia_legacy;bia_0001_14;1;0;0;1;1;26
ud_baseline;bia_legacy;bia_0001_15;1;1;1;2;2;20
ud_baseline;bia_legacy;bia_0001_16;2;3;2;5;4;47
ud_baseline;bia_legacy;bia_0001_17;2;1;1;3;3;24
ud_baseline;bia_legacy;bia_0001_18;2;1;0;3;2;54
ud_baseline;bia_legacy;bia_0001_19;1;5;0;6;1;52
ud_baseline;bia_legacy;bia_0001_20;2;2;0;4;2;48
ud_baseline;bia_legacy;bia_0001_21;2;2;1;4;3;23
ud_baseline;bia_legacy;bia_0001_22;0;2;2;2;2;25
ud_baseline;bia_legacy;bia_0001_23;2;0;1;2;3;46
ud_baseline;bia_legacy;bia_0001_24;1;0;0;1;1;36
ud_baseline;bia_legacy;bia_0001_25;2;5;1;7;3;52
ud_baseline;bia_legacy;bia_0001_26;1;0;0;1;1;45
ud_baseline;bia_legacy;bia_0001_27;1;1;0;2;1;44
ud_baseline;bia_legacy;bia_0001_28;2;0;0;2;2;38
ud_baseline;bia_legacy;bia_0001_29;0;0;1;0;1;24
ud_baseline;bia_legacy;bia_0001_30;0;1;1;1;1;20
ud_baseline;bia_legacy;bia_0001_31;1;0;1;1;2;24
ud_baseline;bia_legacy;bia_0001_32;1;1;0;2;1;18
ud_baseline;bia_legacy;bia_0001_33;0;5;1;5;1;33
ud_baseline;bia_legacy;bia_0001_34;0;2;1;2;1;27
ud_baseline;bia_legacy;bia_0001_35;1;0;0;1;1;21
ud_baseline;bia_legacy;bia_0001_36;1;1;0;2;1;68
ud_baseline;bia_legacy;bia_0001_37;1;2;1;3;2;22
ud_baseline;bia_legacy;bia_0001_38;2;2;0;4;2;27
ud_baseline;bia_legacy;bia_0001_39;2;2;2;4;4;32
ud_baseline;bia_legacy;bia_0001_40;1;1;0;2;1;39
ud_baseline;bia_legacy;bia_0001_41;1;1;0;2;1;17
ud_baseline;bia_legacy;bia_0001_42;1;0;0;1;1;32
ud_baseline;bia_legacy;bia_0001_43;2;1;0;3;2;52
ud_baseline;bia_legacy;bia_0001_44;0;1;1;1;1;47
ud_baseline;bia_legacy;bia_0001_45;1;4;1;5;2;67
ud_baseline;bia_legacy;bia_0001_46;0;3;2;3;2;21
ud_baseline;bia_legacy;bia_0001_47;1;0;1;1;2;30
ud_baseline;bia_legacy;bia_0001_48;1;2;1;3;2;42
ud_baseline;bia_legacy;bia_0001_49;0;1;3;1;3;49
ud_baseline;bia_legacy;bia_0001_50;1;0;0;1;1;18
ud_baseline;bia_legacy;bia_0001_51;1;1;0;2;1;71
ud_baseline;bia_legacy;bia_0001_52;1;2;2;3;3;46
ud_baseline;bia_legacy;bia_0001_53;1;1;0;2;1;20
ud_baseline;bia_legacy;bia_0001_54;1;3;0;4;1;19
ud_baseline;bia_legacy;bia_0001_55;2;1;0;3;2;12
ud_baseline;bia_legacy;bia_0001_56;1;0;0;1;1;37
ud_baseline;bia_legacy;bia_0001_57;1;1;0;2;1;18
ud_baseline;bia_legacy;bia_0001_58;1;1;0;2;1;49
ud_baseline;bia_legacy;bia_0001_59;0;0;1;0;1;22
ud_baseline;bia_legacy;bia_0001_60;0;0;2;0;2;44
ud_baseline;bia_legacy;bia_0001_61;2;1;0;3;2;22
ud_baseline;bia_legacy;bia_0001_62;1;0;0;1;1;26
ud_baseline;bia_legacy;bia_0001_63;1;0;0;1;1;26
ud_baseline;bia_legacy;bia_0001_64;0;2;1;2;1;19
ud_baseline;bia_legacy;bia_0001_65;0;2;3;2;3;42
ud_baseline;bia_legacy;bia_0001_66;1;2;0;3;1;15
ud_baseline;bia_legacy;bia_0001_67;0;0;1;0;1;6
ud_baseline;bia_legacy;bia_0001_68;1;1;0;2;1;9
ud_baseline;bia_legacy;bia_0001_69;1;0;1;1;2;26
ud_baseline;bia_legacy;bia_0001_70;1;1;1;2;2;14
ud_baseline;bia_legacy;bia_0001_71;2;1;0;3;2;32
ud_baseline;bia_legacy;bia_0001_72;1;2;0;3;1;41
ud_baseline;bia_legacy;bia_0001_73;1;0;1;1;2;17
ud_baseline;bia_legacy;bia_0001_74;1;1;0;2;1;13
ud_baseline;bia_legacy;bia_0001_75;0;1;1;1;1;35
ud_baseline;bia_legacy;bia_0001_76;1;2;2;3;3;33
ud_baseline;bia_legacy;bia_0001_77;1;1;0;2;1;31
ud_baseline;bia_legacy;bia_0001_78;1;1;0;2;1;24
ud_baseline;bia_legacy;bia_0001_79;3;0;0;3;3;33
ud_baseline;bia_legacy;bia_0001_80;1;2;0;3;1;20
ud_baseline;bia_legacy;bia_0001_81;1;1;0;2;1;12
ud_baseline;bia_legacy;bia_0001_82;1;0;1;1;2;39
ud_baseline;bia_legacy;bia_0001_83;1;1;0;2;1;20
ud_baseline;bia_legacy;bia_0001_84;1;2;1;3;2;19
ud_baseline;bia_legacy;bia_0001_85;0;4;1;4;1;30
ud_baseline;bia_legacy;bia_0001_86;0;0;2;0;2;18
ud_baseline;bia_legacy;bia_0001_87;3;1;0;4;3;54
ud_baseline;bia_legacy;bia_0001_88;1;1;1;2;2;20
ud_baseline;bia_legacy;bia_0001_89;0;2;2;2;2;44
ud_baseline;bia_legacy;bia_0001_90;1;1;1;2;2;44
ud_baseline;bia_legacy;bia_0001_91;1;0;1;1;2;22
ud_baseline;bia_legacy;bia_0001_92;0;1;1;1;1;18
ud_baseline;bia_legacy;bia_0001_93;0;3;2;3;2;23
ud_baseline;bia_legacy;bia_0001_94;1;1;2;2;3;20
ud_baseline;bia_legacy;bia_0001_95;1;1;1;2;2;15
ud_baseline;bia_legacy;bia_0001_96;4;0;0;4;4;17
ud_baseline;bia_legacy;bia_0001_97;0;0;1;0;1;31
ud_baseline;bia_legacy;bia_0001_98;0;1;1;1;1;15
ud_baseline;bia_legacy;bia_0001_99;1;0;1;1;2;30
ud_baseline;bia_legacy;bia_0001_100;0;1;1;1;1;38
ud_baseline;bia_legacy;bia_0001_101;1;3;0;4;1;35
ud_baseline;bia_legacy;bia_0001_102;1;2;0;3;1;52
ud_baseline;bia_legacy;bia_0001_103;1;2;1;3;2;41
ud_baseline;bia_legacy;bia_0001_104;2;1;0;3;2;48
ud_baseline;bia_legacy;bia_0001_105;1;1;0;2;1;10
ud_baseline;bia_legacy;bia_0001_106;0;3;1;3;1;42
ud_baseline;bia_legacy;bia_0001_107;1;1;0;2;1;20
ud_baseline;bia_legacy;bia_0001_108;1;3;0;4;1;37
ud_baseline;bia_legacy;bia_0001_109;1;0;1;1;2;39
ud_baseline;bia_legacy;bia_0001_110;0;2;1;2;1;66
ud_baseline;bia_legacy;bia_0001_111;0;8;3;8;3;66
ud_baseline;bia_legacy;bia_0001_112;2;1;0;3;2;11
ud_baseline;bia_legacy;bia_0001_113;0;3;3;3;3;44
ud_baseline;bia_legacy;bia_0001_114;0;0;2;0;2;53
ud_baseline;bia_legacy;bia_0001_115;1;1;0;2;1;39
ud_baseline;bia_legacy;bia_0001_116;1;0;1;1;2;25
ud_baseline;bia_legacy;bia_0001_117;3;0;1;3;4;42
ud_baseline;bia_legacy;bia_0001_118;1;2;0;3;1;15
ud_baseline;bia_legacy;bia_0001_119;3;2;6;5;9;61
ud_baseline;bia_legacy;bia_0001_120;1;1;0;2;1;56
ud_baseline;bia_legacy;bia_0001_121;0;1;2;1;2;19
ud_baseline;bia_legacy;bia_0001_122;1;0;0;1;1;53
ud_baseline;bia_legacy;bia_0001_123;0;0;2;0;2;34
ud_baseline;bia_legacy;bia_0001_124;1;4;1;5;2;52
ud_baseline;bia_legacy;bia_0001_125;4;2;0;6;4;39
ud_baseline;bia_legacy;bia_0001_126;2;2;0;4;2;34
ud_baseline;bia_legacy;bia_0001_127;1;0;0;1;1;22
ud_baseline;bia_legacy;bia_0001_128;1;2;0;3;1;43
ud_baseline;bia_legacy;bia_0001_129;1;1;0;2;1;15
ud_baseline;bia_legacy;bia_0001_130;1;0;1;1;2;15
ud_baseline;bia_legacy;bia_0001_131;1;1;0;2;1;24
ud_baseline;bia_legacy;bia_0001_132;1;1;1;2;2;33
ud_baseline;bia_legacy;bia_0001_133;2;1;0;3;2;15
ud_baseline;bia_legacy;bia_0001_134;3;4;1;7;4;56
ud_baseline;bia_legacy;bia_0001_135;1;0;0;1;1;31
ud_baseline;bia_legacy;bia_0001_136;1;1;0;2;1;19
ud_baseline;bia_legacy;bia_0001_137;1;1;1;2;2;30
ud_baseline;bia_legacy;bia_0001_138;0;2;2;2;2;54
ud_baseline;bia_legacy;bia_0001_139;1;1;0;2;1;21
ud_baseline;bia_legacy;bia_0001_140;1;1;0;2;1;15
ud_baseline;bia_legacy;bia_0001_141;1;1;0;2;1;21
ud_baseline;bia_legacy;bia_0001_142;1;0;0;1;1;50
ud_baseline;bia_legacy;bia_0001_143;1;0;0;1;1;53
ud_baseline;bia_legacy;bia_0001_144;1;2;0;3;1;34
ud_baseline;bia_legacy;bia_0001_145;1;0;1;1;2;16
ud_baseline;bia_legacy;bia_0001_146;3;1;0;4;3;48
ud_baseline;bia_legacy;bia_0001_147;2;2;0;4;2;51
ud_baseline;bia_legacy;bia_0001_148;1;1;0;2;1;12
ud_baseline;bia_legacy;bia_0001_149;2;0;1;2;3;35
ud_baseline;bia_legacy;bia_0001_150;1;0;0;1;1;18
ud_baseline;bia_legacy;bia_0001_151;1;1;0;2;1;41
ud_baseline;bia_legacy;bia_0001_152;0;3;1;3;1;36
ud_baseline;bia_legacy;bia_0001_153;0;0;2;0;2;44
ud_baseline;bia_legacy;bia_0001_154;1;1;0;2;1;38
ud_baseline;bia_legacy;bia_0001_155;0;0;1;0;1;22
ud_baseline;bia_legacy;bia_0001_156;0;3;1;3;1;34
ud_baseline;bia_legacy;bia_0001_157;0;0;1;0;1;31
ud_baseline;bia_legacy;bia_0001_158;3;1;0;4;3;26
ud_baseline;bia_legacy;bia_0001_159;0;0;1;0;1;25
ud_baseline;bia_legacy;bia_0001_160;1;0;0;1;1;24
ud_baseline;bia_legacy;bia_0001_161;1;2;1;3;2;11
ud_baseline;bia_legacy;bia_0001_162;1;2;0;3;1;35
ud_baseline;bia_legacy;bia_0001_163;1;1;0;2;1;32
ud_baseline;bia_legacy;bia_0001_164;3;1;0;4;3;23
ud_baseline;bia_legacy;bia_0001_165;0;2;2;2;2;22
ud_baseline;bia_legacy;bia_0001_166;1;1;1;2;2;41
ud_baseline;bia_legacy;bia_0001_167;1;4;0;5;1;71
ud_baseline;bia_legacy;bia_0001_168;1;1;1;2;2;28
ud_baseline;bia_legacy;bia_0001_169;2;5;0;7;2;30
ud_baseline;bia_legacy;bia_0001_170;1;2;0;3;1;66
ud_baseline;bia_legacy;bia_0001_171;1;1;1;2;2;32
ud_baseline;bia_legacy;bia_0001_172;1;2;0;3;1;35
ud_baseline;bia_legacy;bia_0001_173;0;1;1;1;1;21
ud_baseline;bia_legacy;bia_0001_174;1;0;0;1;1;19
ud_baseline;bia_legacy;bia_0001_175;2;5;1;7;3;26
ud_baseline;bia_legacy;bia_0001_176;1;2;0;3;1;23
ud_baseline;bia_legacy;bia_0001_177;1;1;0;2;1;16
ud_baseline;bia_legacy;bia_0001_178;1;4;0;5;1;36
ud_baseline;bia_legacy;bia_0001_179;0;0;2;0;2;44
ud_baseline;bia_legacy;bia_0001_180;1;1;0;2;1;21
ud_baseline;bia_legacy;bia_0001_181;1;1;0;2;1;16
ud_baseline;bia_legacy;bia_0001_182;1;0;0;1;1;49
ud_baseline;bia_legacy;bia_0001_183;1;1;1;2;2;39
ud_baseline;bia_legacy;bia_0001_184;1;0;0;1;1;20
ud_baseline;bia_legacy;bia_0001_185;1;0;0;1;1;10
ud_baseline;bia_legacy;bia_0001_186;1;1;0;2;1;22
ud_baseline;bia_legacy;bia_0001_187;0;0;2;0;2;34
ud_baseline;bia_legacy;bia_0001_188;1;1;0;2;1;35
ud_baseline;bia_legacy;bia_0001_189;1;1;1;2;2;54
ud_baseline;bia_legacy;bia_0001_190;0;2;1;2;1;36
ud_baseline;bia_legacy;bia_0001_191;1;0;0;1;1;17
ud_baseline;bia_legacy;bia_0001_192;1;0;0;1;1;11
ud_baseline;bia_legacy;bia_0001_193;1;2;1;3;2;30
ud_baseline;bia_legacy;bia_0001_194;2;0;0;2;2;10
ud_baseline;bia_legacy;bia_0001_195;0;1;2;1;2;57
ud_baseline;bia_legacy;bia_0001_196;1;1;1;2;2;16
ud_baseline;bia_legacy;bia_0001_197;1;2;0;3;1;32
ud_baseline;bia_legacy;bia_0001_198;1;0;1;1;2;23
ud_baseline;bia_legacy;bia_0001_199;0;0;1;0;1;37
ud_baseline;bia_legacy;bia_0001_200;0;2;1;2;1;33
ud_baseline;bia_legacy;bia_0001_201;3;5;0;8;3;24
ud_baseline;bia_legacy;bia_0001_202;1;1;0;2;1;36
ud_baseline;bia_legacy;bia_0001_203;0;2;1;2;1;14
ud_baseline;bia_legacy;bia_0001_204;2;1;1;3;3;63
ud_baseline;bia_legacy;bia_0001_205;0;0;2;0;2;34
ud_baseline;bia_legacy;bia_0001_206;1;1;1;2;2;36
ud_baseline;bia_legacy;bia_0001_207;1;1;0;2;1;25
ud_baseline;bia_legacy;bia_0001_208;1;1;1;2;2;20
ud_baseline;bia_legacy;bia_0001_209;0;2;1;2;1;20
ud_baseline;bia_legacy;bia_0001_210;1;1;0;2;1;44
ud_baseline;bia_legacy;bia_0001_211;1;1;0;2;1;20
ud_baseline;bia_legacy;bia_0001_212;0;0;1;0;1;25
ud_baseline;bia_legacy;bia_0001_213;1;0;0;1;1;58
ud_baseline;bia_legacy;bia_0001_214;1;0;0;1;1;38
ud_baseline;bia_legacy;bia_0001_215;1;2;0;3;1;19
ud_baseline;bia_legacy;bia_0001_216;1;1;0;2;1;24
ud_baseline;bia_legacy;bia_0001_217;0;2;1;2;1;39
ud_baseline;bia_legacy;bia_0001_218;1;1;0;2;1;30
ud_baseline;bia_legacy;bia_0001_219;1;1;0;2;1;20
ud_baseline;bia_legacy;bia_0001_220;1;0;1;1;2;32
ud_baseline;bia_legacy;bia_0001_221;1;1;1;2;2;18
ud_baseline;bia_legacy;bia_0001_222;2;1;0;3;2;22
ud_baseline;bia_legacy;bia_0001_223;1;2;0;3;1;29
ud_baseline;bia_legacy;bia_0001_224;0;2;1;2;1;25
ud_baseline;bia_legacy;bia_0001_225;1;0;1;1;2;40
ud_baseline;bia_legacy;bia_0001_226;1;1;0;2;1;32
ud_baseline;bia_legacy;bia_0001_227;2;4;0;6;2;50
ud_baseline;bia_legacy;bia_0001_228;2;3;0;5;2;16
ud_baseline;bia_legacy;bia_0001_229;1;1;0;2;1;36
ud_baseline;bia_legacy;bia_0001_230;2;1;0;3;2;31
ud_baseline;bia_legacy;bia_0001_231;1;2;0;3;1;42
ud_baseline;bia_legacy;bia_0001_232;2;5;0;7;2;21
ud_baseline;bia_legacy;bia_0001_233;1;2;0;3;1;13
ud_baseline;bia_legacy;bia_0001_234;1;2;1;3;2;54
ud_baseline;bia_legacy;bia_0001_235;2;0;0;2;2;26
ud_baseline;bia_legacy;bia_0001_236;1;2;0;3;1;25
ud_baseline;bia_legacy;bia_0001_237;3;1;0;4;3;16
ud_baseline;bia_legacy;bia_0001_238;1;0;1;1;2;32
ud_baseline;bia_legacy;bia_0001_239;1;3;0;4;1;17
ud_baseline;bia_legacy;bia_0001_240;1;0;0;1;1;30
ud_baseline;bia_legacy;bia_0001_241;1;0;0;1;1;24
ud_baseline;bia_legacy;bia_0001_242;0;2;1;2;1;34
ud_baseline;bia_legacy;bia_0001_243;1;0;1;1;2;27
ud_baseline;bia_legacy;bia_0001_244;1;0;0;1;1;24
ud_baseline;bia_legacy;bia_0001_245;1;1;0;2;1;26
ud_baseline;bia_legacy;bia_0001_246;1;1;1;2;2;38
ud_baseline;bia_legacy;bia_0001_247;1;1;0;2;1;28
ud_baseline;bia_legacy;bia_0001_248;1;2;0;3;1;29
ud_baseline;bia_legacy;bia_0001_249;3;1;0;4;3;40
ud_baseline;bia_legacy;bia_0001_250;0;0;1;0;1;29
ud_baseline;bia_legacy;bia_0001_251;0;0;1;0;1;28
ud_baseline;bia_legacy;bia_0001_252;0;1;2;1;2;18
ud_baseline;bia_legacy;bia_0001_253;3;3;0;6;3;43
ud_baseline;bia_legacy;bia_0001_254;1;1;1;2;2;35
ud_baseline;bia_legacy;bia_0001_255;0;0;2;0;2;20
ud_baseline;bia_legacy;bia_0001_256;0;0;1;0;1;17
ud_baseline;bia_legacy;bia_0001_257;1;0;0;1;1;10
ud_baseline;bia_legacy;bia_0001_258;1;1;0;2;1;44
ud_baseline;bia_legacy;bia_0001_259;1;1;0;2;1;19
ud_baseline;bia_legacy;bia_0001_260;1;1;1;2;2;29
ud_baseline;bia_legacy;bia_0001_261;1;2;0;3;1;33
ud_baseline;carb_style;bia_0001_00;1;0;1;1;2;19
ud_baseline;carb_style;bia_0001_01;1;1;0;2;1;26
ud_baseline;carb_style;bia_0001_02;2;0;0;2;2;33
ud_baseline;carb_style;bia_0001_03;1;1;0;2;1;18
ud_baseline;carb_style;bia_0001_04;3;5;0;8;3;58
ud_baseline;carb_style;bia_0001_05;1;1;0;2;1;28
ud_baseline;carb_style;bia_0001_06;1;2;0;3;1;37
ud_baseline;carb_style;bia_0001_07;1;0;0;1;1;27
ud_baseline;carb_style;bia_0001_08;2;2;0;4;2;27
ud_baseline;carb_style;bia_0001_09;1;1;0;2;1;22
ud_baseline;carb_style;bia_0001_10;3;1;2;4;5;28
ud_baseline;carb_style;bia_0001_11;2;1;0;3;2;39
ud_baseline;carb_style;bia_0001_12;1;2;0;3;1;33
ud_baseline;carb_style;bia_0001_13;1;6;0;7;1;44
ud_baseline;carb_style;bia_0001_14;1;0;0;1;1;26
ud_baseline;carb_style;bia_0001_15;1;1;1;2;2;20
ud_baseline;carb_style;bia_0001_16;4;1;0;5;4;47
ud_baseline;carb_style;bia_0001_17;2;1;1;3;3;24
ud_baseline;carb_style;bia_0001_18;2;1;0;3;2;54
ud_baseline;carb_style;bia_0001_19;1;5;0;6;1;52
ud_baseline;carb_style;bia_0001_20;1;3;1;4;2;48
ud_baseline;carb_style;bia_0001_21;2;2;1;4;3;23
ud_baseline;carb_style;bia_0001_22;0;2;2;2;2;25
ud_baseline;carb_style;bia_0001_23;2;0;1;2;3;46
ud_baseline;carb_style;bia_0001_24;1;0;0;1;1;36
ud_baseline;carb_style;bia_0001_25;2;5;1;7;3;52
ud_baseline;carb_style;bia_0001_26;1;0;0;1;1;45
ud_baseline;carb_style;bia_0001_27;1;1;0;2;1;44
ud_baseline;carb_style;bia_0001_28;2;0;0;2;2;38
ud_baseline;carb_style;bia_0001_29;0;0;1;0;1;24
ud_baseline;carb_style;bia_0001_30;0;1;1;1;1;20
ud_baseline;carb_style;bia_0001_31;1;0;1;1;2;24
ud_baseline;carb_style;bia_0001_32;1;1;0;2;1;18
ud_baseline;carb_style;bia_0001_33;0;3;1;3;1;33
ud_baseline;carb_style;bia_0001_34;0;2;1;2;1;27
ud_baseline;carb_style;bia_0001_35;1;0;0;1;1;21
ud_baseline;carb_style;bia_0001_36;1;1;0;2;1;68
ud_baseline;carb_style;bia_0001_37;2;1;0;3;2;22
ud_baseline;carb_style;bia_0001_38;2;0;0;2;2;27
ud_baseline;carb_style;bia_0001_39;2;2;2;4;4;32
ud_baseline;carb_style;bia_0001_40;1;1;0;2;1;39
ud_baseline;carb_style;bia_0001_41;1;1;0;2;1;17
ud_baseline;carb_style;bia_0001_42;1;0;0;1;1;32
ud_baseline;carb_style;bia_0001_43;2;1;0;3;2;52
ud_baseline;carb_style;bia_0001_44;0;1;1;1;1;47
ud_baseline;carb_style;bia_0001_45;1;4;1;5;2;67
ud_baseline;carb_style;bia_0001_46;1;1;1;2;2;21
ud_baseline;carb_style;bia_0001_47;1;0;1;1;2;30
ud_baseline;carb_style;bia_0001_48;1;2;1;3;2;42
ud_baseline;carb_style;bia_0001_49;1;0;2;1;3;49
ud_baseline;carb_style;bia_0001_50;1;0;0;1;1;18
ud_baseline;carb_style;bia_0001_51;1;1;0;2;1;71
ud_baseline;carb_style;bia_0001_52;1;2;2;3;3;46
ud_baseline;carb_style;bia_0001_53;1;1;0;2;1;20
ud_baseline;carb_style;bia_0001_54;1;3;0;4;1;19
ud_baseline;carb_style;bia_0001_55;2;1;0;3;2;12
ud_baseline;carb_style;bia_0001_56;1;0;0;1;1;37
ud_baseline;carb_style;bia_0001_57;1;1;0;2;1;18
ud_baseline;carb_style;bia_0001_58;1;1;0;2;1;49
ud_baseline;carb_style;bia_0001_59;0;0;1;0;1;22
ud_baseline;carb_style;bia_0001_60;0;0;2;0;2;44
ud_baseline;carb_style;bia_0001_61;2;1;0;3;2;22
ud_baseline;carb_style;bia_0001_62;1;0;0;1;1;26
ud_baseline;carb_style;bia_0001_63;1;0;0;1;1;26
ud_baseline;carb_style;bia_0001_64;1;1;0;2;1;19
ud_baseline;carb_style;bia_0001_65;0;2;3;2;3;42
ud_baseline;carb_style;bia_0001_66;1;2;0;3;1;15
ud_baseline;carb_style;bia_0001_67;0;0;1;0;1;6
ud_baseline;carb_style;bia_0001_68;1;1;0;2;1;9
ud_baseline;carb_style;bia_0001_69;1;0;1;1;2;26
ud_baseline;carb_style;bia_0001_70;2;0;0;2;2;14
ud_baseline;carb_style;bia_0001_71;2;1;0;3;2;32
ud_baseline;carb_style;bia_0001_72;1;2;0;3;1;41
ud_baseline;carb_style;bia_0001_73;1;0;1;1;2;17
ud_baseline;carb_style;bia_0001_74;1;1;0;2;1;13
ud_baseline;carb_style;bia_0001_75;0;1;1;1;1;35
ud_baseline;carb_style;bia_0001_76;2;1;1;3;3;33
ud_baseline;carb_style;bia_0001_77;1;1;0;2;1;31
ud_baseline;carb_style;bia_0001_78;1;1;0;2;1;24
ud_baseline;carb_style;bia_0001_79;2;1;1;3;3;33
ud_baseline;carb_style;bia_0001_80;1;2;0;3;1;20
ud_baseline;carb_style;bia_0001_81;1;1;0;2;1;12
ud_baseline;carb_style;bia_0001_82;1;0;1;1;2;39
ud_baseline;carb_style;bia_0001_83;1;1;0;2;1;20
ud_baseline;carb_style;bia_0001_84;2;1;0;3;2;19
ud_baseline;carb_style;bia_0001_85;0;3;1;3;1;30
ud_baseline;carb_style;bia_0001_86;0;0;2;0;2;18
ud_baseline;carb_style;bia_0001_87;3;1;0;4;3;54
ud_baseline;carb_style;bia_0001_88;1;1;1;2;2;20
ud_baseline;carb_style;bia_0001_89;2;0;0;2;2;44
ud_baseline;carb_style;bia_0001_90;1;1;1;2;2;44
ud_baseline;carb_style;bia_0001_91;1;0;1;1;2;22
ud_baseline;carb_style;bia_0001_92;0;1;1;1;1;18
ud_baseline;carb_style;bia_0001_93;1;2;1;3;2;23
ud_baseline;carb_style;bia_0001_94;2;0;1;2;3;20
ud_baseline;carb_style;bia_0001_95;1;1;1;2;2;15
ud_baseline;carb_style;bia_0001_96;4;0;0;4;4;17
ud_baseline;carb_style;bia_0001_97;0;0;1;0;1;31
ud_baseline;carb_style;bia_0001_98;0;1;1;1;1;15
ud_baseline;carb_style;bia_0001_99;1;0;1;1;2;30
ud_baseline;carb_style;bia_0001_100;0;1;1;1;1;38
ud_baseline;carb_style;bia_0001_101;1;3;0;4;1;35
ud_baseline;carb_style;bia_0001_102;1;2;0;3;1;52
ud_baseline;carb_style;bia_0001_103;1;2;1;3;2;41
ud_baseline;carb_style;bia_0001_104;2;1;0;3;2;48
ud_baseline;carb_style;bia_0001_105;1;1;0;2;1;10
ud_baseline;carb_style;bia_0001_106;1;2;0;3;1;42
ud_baseline;carb_style;bia_0001_107;1;1;0;2;1;20
ud_baseline;carb_style;bia_0001_108;1;3;0;4;1;37
ud_baseline;carb_style;bia_0001_109;1;0;1;1;2;39
ud_baseline;carb_style;bia_0001_110;0;2;1;2;1;66
ud_baseline;carb_style;bia_0001_111;1;7;2;8;3;66
ud_baseline;carb_style;bia_0001_112;2;1;0;3;2;11
ud_baseline;carb_style;bia_0001_113;1;2;2;3;3;44
ud_baseline;carb_style;bia_0001_114;0;0;2;0;2;53
ud_baseline;carb_style;bia_0001_115;1;1;0;2;1;39
ud_baseline;carb_style;bia_0001_116;1;0;1;1;2;25
ud_baseline;carb_style;bia_0001_117;3;0;1;3;4;42
ud_baseline;carb_style;bia_0001_118;1;2;0;3;1;15
ud_baseline;carb_style;bia_0001_119;3;1;6;4;9;61
ud_baseline;carb_style;bia_0001_120;1;1;0;2;1;56
ud_baseline;carb_style;bia_0001_121;1;0;1;1;2;19
ud_baseline;carb_style;bia_0001_122;1;0;0;1;1;53
ud_baseline;carb_style;bia_0001_123;0;0;2;0;2;34
ud_baseline;carb_style;bia_0001_124;2;3;0;5;2;52
ud_baseline;carb_style;bia_0001_125;4;2;0;6;4;39
ud_baseline;carb_style;bia_0001_126;2;2;0;4;2;34
ud_baseline;carb_style;bia_0001_127;1;0;0;1;1;22
ud_baseline;carb_style;bia_0001_128;1;2;0;3;1;43
ud_baseline;carb_style;bia_0001_129;1;1;0;2;1;15
ud_baseline;carb_style;bia_0001_130;1;0;1;1;2;15
ud_baseline;carb_style;bia_0001_131;1;1;0;2;1;24
ud_baseline;carb_style;bia_0001_132;1;1;1;2;2;33
ud_baseline;carb_style;bia_0001_133;2;1;0;3;2;15
ud_baseline;carb_style;bia_0001_134;3;3;1;6;4;56
ud_baseline;carb_style;bia_0001_135;1;0;0;1;1;31
ud_baseline;carb_style;bia_0001_136;1;1;0;2;1;19
ud_baseline;carb_style;bia_0001_137;2;0;0;2;2;30
ud_baseline;carb_style;bia_0001_138;0;2;2;2;2;54
ud_baseline;carb_style;bia_0001_139;1;1;0;2;1;21
ud_baseline;carb_style;bia_0001_140;1;1;0;2;1;15
ud_baseline;carb_style;bia_0001_141;1;1;0;2;1;21
ud_baseline;carb_style;bia_0001_142;1;0;0;1;1;50
ud_baseline;carb_style;bia_0001_143;1;0;0;1;1;53
ud_baseline;carb_style;bia_0001_144;1;2;0;3;1;34
ud_baseline;carb_style;bia_0001_145;1;0;1;1;2;16
ud_baseline;carb_style;bia_0001_146;3;1;0;4;3;48
ud_baseline;carb_style;bia_0001_147;2;2;0;4;2;51
ud_baseline;carb_style;bia_0001_148;1;1;0;2;1;12
ud_baseline;carb_style;bia_0001_149;2;0;1;2;3;35
ud_baseline;carb_style;bia_0001_150;1;0;0;1;1;18
ud_baseline;carb_style;bia_0001_151;1;1;0;2;1;41
ud_baseline;carb_style;bia_0001_152;1;2;0;3;1;36
ud_baseline;carb_style;bia_0001_153;0;0;2;0;2;44
ud_baseline;carb_style;bia_0001_154;1;1;0;2;1;38
ud_baseline;carb_style;bia_0001_155;0;0;1;0;1;22
ud_baseline;carb_style;bia_0001_156;1;1;0;2;1;34
ud_baseline;carb_style;bia_0001_157;0;0;1;0;1;31
ud_baseline;carb_style;bia_0001_158;3;1;0;4;3;26
ud_baseline;carb_style;bia_0001_159;0;0;1;0;1;25
ud_baseline;carb_style;bia_0001_160;1;0;0;1;1;24
ud_baseline;carb_style;bia_0001_161;1;1;1;2;2;11
ud_baseline;carb_style;bia_0001_162;1;2;0;3;1;35
ud_baseline;carb_style;bia_0001_163;1;1;0;2;1;32
ud_baseline;carb_style;bia_0001_164;3;1;0;4;3;23
ud_baseline;carb_style;bia_0001_165;1;1;1;2;2;22
ud_baseline;carb_style;bia_0001_166;1;1;1;2;2;41
ud_baseline;carb_style;bia_0001_167;1;4;0;5;1;71
ud_baseline;carb_style;bia_0001_168;1;1;1;2;2;28
ud_baseline;carb_style;bia_0001_169;1;3;1;4;2;30
ud_baseline;carb_style;bia_0001_170;1;2;0;3;1;66
ud_baseline;carb_style;bia_0001_171;1;1;1;2;2;32
ud_baseline;carb_style;bia_0001_172;1;2;0;3;1;35
ud_baseline;carb_style;bia_0001_173;0;1;1;1;1;21
ud_baseline;carb_style;bia_0001_174;1;0;0;1;1;19
ud_baseline;carb_style;bia_0001_175;2;5;1;7;3;26
ud_baseline;carb_style;bia_0001_176;1;2;0;3;1;23
ud_baseline;carb_style;bia_0001_177;1;1;0;2;1;16
ud_baseline;carb_style;bia_0001_178;1;4;0;5;1;36
ud_baseline;carb_style;bia_0001_179;0;0;2;0;2;44
ud_baseline;carb_style;bia_0001_180;1;1;0;2;1;21
ud_baseline;carb_style;bia_0001_181;1;1;0;2;1;16
ud_baseline;carb_style;bia_0001_182;1;0;0;1;1;49
ud_baseline;carb_style;bia_0001_183;1;1;1;2;2;39
ud_baseline;carb_style;bia_0001_184;1;0;0;1;1;20
ud_baseline;carb_style;bia_0001_185;1;0;0;1;1;10
ud_baseline;carb_style;bia_0001_186;1;1;0;2;1;22
ud_baseline;carb_style;bia_0001_187;0;0;2;0;2;34
ud_baseline;carb_style;bia_0001_188;1;1;0;2;1;35
ud_baseline;carb_style;bia_0001_189;1;1;1;2;2;54
ud_baseline;carb_style;bia_0001_190;0;2;1;2;1;36
ud_baseline;carb_style;bia_0001_191;1;0;0;1;1;17
ud_baseline;carb_style;bia_0001_192;1;0;0;1;1;11
ud_baseline;carb_style;bia_0001_193;1;2;1;3;2;30
ud_baseline;carb_style;bia_0001_194;2;0;0;2;2;10
ud_baseline;carb_style;bia_0001_195;0;1;2;1;2;57
ud_baseline;carb_style;bia_0001_196;1;1;1;2;2;16
ud_baseline;carb_style;bia_0001_197;1;2;0;3;1;32
ud_baseline;carb_style;bia_0001_198;1;0;1;1;2;23
ud_baseline;carb_style;bia_0001_199;0;0;1;0;1;37
ud_baseline;carb_style;bia_0001_200;1;1;0;2;1;33
ud_baseline;carb_style;bia_0001_201;2;3;1;5;3;24
ud_baseline;carb_style;bia_0001_202;1;1;0;2;1;36
ud_baseline;carb_style;bia_0001_203;1;1;0;2;1;14
ud_baseline;carb_style;bia_0001_204;2;1;1;3;3;63
ud_baseline;carb_style;bia_0001_205;0;0;2;0;2;34
ud_baseline;carb_style;bia_0001_206;2;0;0;2;2;36
ud_baseline;carb_style;bia_0001_207;1;1;0;2;1;25
ud_baseline;carb_style;bia_0001_208;1;1;1;2;2;20
ud_baseline;carb_style;bia_0001_209;1;1;0;2;1;20
ud_baseline;carb_style;bia_0001_210;1;1;0;2;1;44
ud_baseline;carb_style;bia_0001_211;1;1;0;2;1;20
ud_baseline;carb_style;bia_0001_212;0;0;1;0;1;25
ud_baseline;carb_style;bia_0001_213;1;0;0;1;1;58
ud_baseline;carb_style;bia_0001_214;1;0;0;1;1;38
ud_baseline;carb_style;bia_0001_215;1;1;0;2;1;19
ud_baseline;carb_style;bia_0001_216;1;1;0;2;1;24
ud_baseline;carb_style;bia_0001_217;1;1;0;2;1;39
ud_baseline;carb_style;bia_0001_218;1;1;0;2;1;30
ud_baseline;carb_style;bia_0001_219;1;1;0;2;1;20
ud_baseline;carb_style;bia_0001_220;1;0;1;1;2;32
ud_baseline;carb_style;bia_0001_221;1;1;1;2;2;18
ud_baseline;carb_style;bia_0001_222;2;1;0;3;2;22
ud_baseline;carb_style;bia_0001_223;1;2;0;3;1;29
ud_baseline;carb_style;bia_0001_224;1;1;0;2;1;25
ud_baseline;carb_style;bia_0001_225;1;0;1;1;2;40
ud_baseline;carb_style;bia_0001_226;1;1;0;2;1;32
ud_baseline;carb_style;bia_0001_227;2;4;0;6;2;50
ud_baseline;carb_style;bia_0001_228;2;1;0;3;2;16
ud_baseline;carb_style;bia_0001_229;1;1;0;2;1;36
ud_baseline;carb_style;bia_0001_230;2;1;0;3;2;31
ud_baseline;carb_style;bia_0001_231;1;2;0;3;1;42
ud_baseline;carb_style;bia_0001_232;2;2;0;4;2;21
ud_baseline;carb_style;bia_0001_233;1;2;0;3;1;13
ud_baseline;carb_style;bia_0001_234;1;2;1;3;2;54
ud_baseline;carb_style;bia_0001_235;2;0;0;2;2;26
ud_baseline;carb_style;bia_0001_236;1;2;0;3;1;25
ud_baseline;carb_style;bia_0001_237;3;1;0;4;3;16
ud_baseline;carb_style;bia_0001_238;1;0;1;1;2;32
ud_baseline;carb_style;bia_0001_239;1;1;0;2;1;17
ud_baseline;carb_style;bia_0001_240;1;0;0;1;1;30
ud_baseline;carb_style;bia_0001_241;1;0;0;1;1;24
ud_baseline;carb_style;bia_0001_242;1;1;0;2;1;34
ud_baseline;carb_style;bia_0001_243;1;0;1;1;2;27
ud_baseline;carb_style;bia_0001_244;1;0;0;1;1;24
ud_baseline;carb_style;bia_0001_245;1;1;0;2;1;26
ud_baseline;carb_style;bia_0001_246;1;1;1;2;2;38
ud_baseline;carb_style;bia_0001_247;1;1;0;2;1;28
ud_baseline;carb_style;bia_0001_248;1;2;0;3;1;29
ud_baseline;carb_style;bia_0001_249;3;1;0;4;3;40
ud_baseline;carb_style;bia_0001_250;0;0;1;0;1;29
ud_baseline;carb_style;bia_0001_251;0;0;1;0;1;28
ud_baseline;carb_style;bia_0001_252;0;1;2;1;2;18
ud_baseline;carb_style;bia_0001_253;3;3;0;6;3;43
ud_baseline;carb_style;bia_0001_254;1;1;1;2;2;35
ud_baseline;carb_style;bia_0001_255;0;0;2;0;2;20
ud_baseline;carb_style;bia_0001_256;0;0;1;0;1;17
ud_baseline;carb_style;bia_0001_257;1;0;0;1;1;10
ud_baseline;carb_style;bia_0001_258;1;1;0;2;1;44
ud_baseline;carb_style;bia_0001_259;1;1;0;2;1;19
ud_baseline;carb_style;bia_0001_260;1;1;1;2;2;29
ud_baseline;carb_style;bia_0001_261;1;2;0;3;1;33
